id,text,meme,sentiment,note
1001,昨晚和朋友玩了三局游戏，赢了两次。,无,中性,普通游戏经历
1002,今天网络有点卡，游戏体验一般。,无,负向,普通网络问题
1003,这个角色的新皮肤颜色挺好看的。,无,正向,普通外观评价
1004,我比较喜欢玩辅助，因为可以保护队友。,无,正向,普通玩法偏好
1005,比赛打到第五局才分出胜负，过程很精彩。,无,正向,普通赛事评价
1006,新版本更新后，技能说明改动了不少。,无,中性,普通版本说明
1007,队友之间多沟通，配合会更好。,无,正向,普通团队建议
1008,我今天练习了半小时补刀，比昨天熟练。,无,正向,普通练习记录
1009,这场比赛双方打得都很谨慎。,无,中性,普通比赛观察
1010,游戏结束后我复盘了一下自己的操作。,无,中性,普通复盘
1011,朋友约我周末一起玩游戏。,无,中性,普通约定
1012,那个选手今天的表现比较稳定。,无,正向,普通选手评价
1013,地图更新以后，野区路线需要重新熟悉。,无,中性,普通地图变化
1014,我看了一场职业比赛的直播回放。,无,中性,普通观看经历
1015,这款游戏的画风我很喜欢。,无,正向,普通游戏评价
1016,组队时大家开了语音，交流方便很多。,无,正向,普通沟通体验
1017,今天匹配到的队友都挺友好。,无,正向,普通匹配体验
1018,我把常用设置重新调整了一遍。,无,中性,普通设置调整
1019,新手教程讲得比较清楚，容易理解。,无,正向,普通教程评价
1020,赛季结束后会发放对应奖励。,无,中性,普通赛季说明
1021,我最近开始练习射击类游戏。,无,中性,普通游戏经历
1022,这张地图的防守路线比较复杂。,无,中性,普通地图描述
1023,队友报点很及时，沟通很顺畅。,无,正向,普通团队沟通
1024,我今天用步枪打了几个不错的回合。,无,正向,普通对局表现
1025,游戏中的枪械需要花时间适应。,无,中性,普通操作感受
1026,队伍落后时也没有放弃，最后追了回来。,无,正向,普通逆转经历
1027,教练让大家先熟悉地图再练习配合。,无,中性,普通训练安排
1028,这次更新调整了部分角色技能。,无,中性,普通版本说明
1029,我喜欢使用辅助型角色来帮助队友。,无,正向,普通角色偏好
1030,比赛解说把战术讲得很清楚。,无,正向,普通解说评价
1031,今天训练重点是站位和沟通。,无,中性,普通训练内容
1032,我的准星设置还在慢慢调整。,无,中性,普通设置调整
1033,对方防守很稳，我们尝试了不同路线。,无,中性,普通战术描述
1034,队友之间互相鼓励，气氛很好。,无,正向,普通团队氛围
1035,晚上组队练习了两个小时。,无,中性,普通训练记录
1036,我晚上会看一会儿游戏直播。,无,中性,普通观看习惯
1037,主播今天的语速比平时慢一些。,无,中性,普通直播观察
1038,观众正在交流比赛结果。,无,中性,普通观赛互动
1039,直播画面的声音有一点小。,无,负向,普通直播体验
1040,他讲游戏思路的时候很清楚。,无,正向,普通讲解评价
1041,这个视频的剪辑节奏很舒服。,无,正向,普通视频评价
1042,直播间的人数比昨天多。,无,中性,普通直播观察
1043,主播回答了几个观众的问题。,无,中性,普通直播互动
1044,今天的节目安排已经发在动态里。,无,中性,普通动态通知
1045,粉丝们在讨论新发布的视频。,无,中性,普通讨论
1046,我在留言区写下了自己的观点。,无,中性,普通留言互动
1047,这个频道每周更新两期。,无,中性,普通更新频率
1048,作者在简介里写了发布时间。,无,中性,普通信息说明
1049,观众的建议被主播采纳了。,无,正向,普通互动结果
1050,直播结束后还有一段幕后花絮。,无,中性,普通节目内容
1051,这部动画的作画和音乐都很出色。,无,正向,普通动画评价
1052,我最近在看一部校园题材的漫画。,无,中性,普通观看记录
1053,主角的成长过程写得挺自然。,无,正向,普通剧情评价
1054,这集剧情节奏比上一集更紧凑。,无,正向,普通剧集评价
1055,配音人员把角色的情绪表达得很好。,无,正向,普通配音评价
1056,这个故事的世界观设定很有趣。,无,正向,普通设定评价
1057,我喜欢的角色今天终于出场了。,无,正向,普通观看感受
1058,漫画下一话要等两周才更新。,无,负向,普通更新等待
1059,视频作者整理了完整的剧情时间线。,无,正向,普通内容整理
1060,大家对结局的看法不太一样。,无,中性,普通观点讨论
1061,这类作品通常会有比较长的铺垫。,无,中性,普通叙事观察
1062,原作小说和动画在部分情节上有些差异。,无,中性,普通作品比较
1063,画面配色很符合故事的氛围。,无,正向,普通美术评价
1064,我打算周末去参加同城漫展。,无,中性,普通活动计划
1065,这个角色的服装设计很有特点。,无,正向,普通设计评价
1066,制作组在片尾留了一个小彩蛋。,无,正向,普通内容细节
1067,影片前十分钟介绍了主要人物。,无,中性,普通剧情说明
1068,新预告片公开了更多场景。,无,中性,普通预告内容
1069,主题曲听起来很舒服。,无,正向,普通音乐评价
1070,我保存了几个讲剧情分析的长视频。,无,中性,普通保存行为
1071,今天下班后去超市买了些水果。,无,中性,普通生活记录
1072,天气预报说明天可能会下雨。,无,中性,普通天气信息
1073,我把作业提前写完了，准备早点休息。,无,正向,普通学习安排
1074,中午和同学在食堂吃了面。,无,中性,普通生活记录
1075,这周的学习计划已经完成了一半。,无,正向,普通学习进度
1076,我妈提醒我出门记得带伞。,无,中性,普通家庭对话
1077,早上地铁人很多，差点没挤上去。,无,负向,普通通勤经历
1078,最近睡眠不太规律，需要调整一下。,无,负向,普通生活状态
1079,图书馆的位置很难抢，我只好回宿舍看书。,无,负向,普通学习经历
1080,周末打算整理房间，再出去走走。,无,中性,普通周末计划
