record_id,text,meme,sentiment,has_meme,meme_form,category,meaning,example,note,source,split_group,split
hot-88,听君一席话，如听一席话。,废话文学,中性,yes,variant,社会现象类,说了等于没说,听君一席话，如听一席话。,说了等于没说,hot_meme,MEME::废话文学,dev
hot-45,毕业典礼上校长念到我们的名字，泪目。,泪目,正向,yes,literal,情绪状态类,感动到想哭,毕业典礼上校长念到我们的名字，泪目。,感动到想哭,hot_meme,MEME::泪目,test
hot-1107,这段配音太可爱了，awsl。,awsl,正向,yes,literal,二次元类,啊我死了，表达喜爱、激动或可爱带来的冲击,这段配音太可爱了，awsl。,表达强烈喜爱,hot_meme,MEME::awsl,train
hot-1108,新角色立绘一出来，弹幕全是awsl。,awsl,正向,yes,literal,二次元类,啊我死了，表达喜爱、激动或可爱带来的冲击,这段配音太可爱了，awsl。,二次元表达喜爱,hot_meme,MEME::awsl,train
hot-254,零氪也能玩得很开心。,氪,正向,yes,literal,游戏类,充值,零氪也能玩得很开心。,充值,hot_meme,MEME::氪,test
hot-101,找个学习搭子互相监督打卡。,学习搭子,中性,yes,literal,社会现象类,一起学习的伙伴,找个学习搭子互相监督打卡。,一起学习的伙伴,hot_meme,MEME::学习搭子,dev
hot-106,大吉大利，今晚吃鸡！,吃鸡,正向,yes,literal,游戏类,游戏获胜,大吉大利，今晚吃鸡！,游戏获胜,hot_meme,MEME::吃鸡,train
hot-1109,两部作品居然联动了，双厨狂喜。,双厨狂喜,正向,yes,literal,二次元类,同时喜欢两个作品或角色的人因联动而高兴,两部作品居然联动了，双厨狂喜。,同时喜欢两部作品,hot_meme,MEME::双厨狂喜,train
hot-1110,喜欢的声优配了喜欢的角色，双厨狂喜。,双厨狂喜,正向,yes,literal,二次元类,同时喜欢两个作品或角色的人因联动而高兴,两部作品居然联动了，双厨狂喜。,多重喜好叠加,hot_meme,MEME::双厨狂喜,train
hot-2073,两个最喜欢的作品联动，双厨狂喜。,双厨狂喜,正向,yes,literal,二次元类,同时喜欢两个作品或角色的人因联动而高兴,两部作品居然联动了，双厨狂喜。,喜爱的作品联动,hot_meme,MEME::双厨狂喜,train
hot-2074,双厨狂喜通常表示两个圈子都喜欢。,双厨狂喜,中性,yes,literal,二次元类,同时喜欢两个作品或角色的人因联动而高兴,两部作品居然联动了，双厨狂喜。,解释词义,hot_meme,MEME::双厨狂喜,train
hot-2075,联动做得很敷衍还硬说双厨狂喜，粉丝并不买账。,双厨狂喜,负向,yes,literal,二次元类,同时喜欢两个作品或角色的人因联动而高兴,两部作品居然联动了，双厨狂喜。,反讽低质量联动,hot_meme,MEME::双厨狂喜,train
hot-165,热搜榜都沸了。,沸了,中性,yes,literal,弹幕文化类,热度沸腾,热搜榜都沸了。,热度沸腾,hot_meme,MEME::沸了,dev
hot-60,这两队决赛打得，神仙打架。,神仙打架,正向,yes,literal,弹幕文化类,高手对决,这两队决赛打得，神仙打架。,高手对决,hot_meme,MEME::神仙打架,test
hot-263,这个角色强度下水道。,下水道,负向,yes,literal,游戏类,很弱,这个角色强度下水道。,很弱,hot_meme,MEME::下水道,train
hot-1013,这英雄机制怪，会玩的人上限太高。,机制怪,中性,yes,literal,游戏类,机制复杂或强度受机制影响的英雄,这英雄机制怪，会玩的人上限太高。,机制决定强度,hot_meme,MEME::机制怪,train
hot-1014,机制怪英雄又被削了，绝活哥很难受。,机制怪,负向,yes,literal,游戏类,机制复杂或强度受机制影响的英雄,这英雄机制怪，会玩的人上限太高。,机制型英雄被削弱,hot_meme,MEME::机制怪,train
hot-307,你这个老牧师的,老牧师,负向,yes,literal,弹幕文化类,老母死,你这个老牧师的,说别人妈死了,hot_meme,MEME::老牧师,dev
hot-256,一发入魂，欧皇本皇。,欧皇,正向,yes,literal,游戏类,运气好,一发入魂，欧皇本皇。,运气好,hot_meme,MEME::欧皇,test
hot-49,本来不想买，试穿之后真香了。,真香,正向,yes,literal,情绪状态类,打脸式认可,本来不想买，试穿之后真香了。,打脸式认可,hot_meme,MEME::真香,train
hot-2022,本来不看好这家店，吃完直接真香。,真香,正向,yes,literal,情绪状态类,打脸式认可,本来不想买，试穿之后真香了。,态度由怀疑转为喜欢,hot_meme,MEME::真香,train
hot-2023,网上经常用真香来形容改变想法。,真香,中性,yes,literal,情绪状态类,打脸式认可,本来不想买，试穿之后真香了。,解释用法,hot_meme,MEME::真香,train
hot-2024,买之前嫌贵，买完发现根本不值，这次真香不起来。,真香,负向,yes,literal,情绪状态类,打脸式认可,本来不想买，试穿之后真香了。,反用真香表达失望,hot_meme,MEME::真香,train
hot-237,这操作典中典。,典中典,中性,yes,literal,弹幕文化类,经典中的经典（反讽）,这操作典中典。,经典中的经典（反讽）,hot_meme,MEME::典中典,train
hot-2025,这个作者把经典桥段改编得很巧妙，真是典中典。,典中典,正向,yes,literal,弹幕文化类,经典中的经典（反讽）,这操作典中典。,称赞经典表达,hot_meme,MEME::典中典,train
hot-2026,这段台词被网友称为典中典。,典中典,中性,yes,literal,弹幕文化类,经典中的经典（反讽）,这操作典中典。,讨论经典片段,hot_meme,MEME::典中典,train
hot-2027,出了问题只会甩锅，这套操作典中典。,典中典,负向,yes,literal,弹幕文化类,经典中的经典（反讽）,这操作典中典。,讽刺重复出现的坏行为,hot_meme,MEME::典中典,train
hot-1047,这打野全程逛街，纯混子。,混子,负向,yes,literal,游戏类,团队中贡献低、划水的人,这打野全程逛街，纯混子。,团队中贡献低,hot_meme,MEME::混子,dev
hot-1048,混子队友不参团，赢得太累了。,混子,负向,yes,literal,游戏类,团队中贡献低、划水的人,这打野全程逛街，纯混子。,划水玩家,hot_meme,MEME::混子,dev
hot-206,程序员标配格子衫。,格子衫,中性,yes,literal,生活态度类,程序员穿搭梗,程序员标配格子衫。,程序员穿搭梗,hot_meme,MEME::格子衫,test
hot-30,这点工作量就喊累，小趴菜。,小趴菜,中性,yes,literal,生活态度类,没用、弱（调侃）,这点工作量就喊累，小趴菜。,没用、弱（调侃）,hot_meme,MEME::小趴菜,train
hot-1027,整局只会保KD，团战一点作用没有。,保KD,负向,yes,literal,游戏类,只顾保住击杀死亡比，不积极参与团队,整局只会保KD，团战一点作用没有。,只顾保住击杀死亡比,hot_meme,MEME::保KD,train
hot-1028,别老盯着保KD，该开团就开团。,保KD,负向,yes,literal,游戏类,只顾保住击杀死亡比，不积极参与团队,整局只会保KD，团战一点作用没有。,批评打法过于保守,hot_meme,MEME::保KD,train
hot-104,决赛圈被老六阴了。,老六,负向,yes,literal,游戏类,阴险的玩家,决赛圈被老六阴了。,阴险的玩家,hot_meme,MEME::老六,test
hot-293,先码后看。,码,中性,yes,literal,弹幕文化类,收藏,先码后看。,收藏,hot_meme,MEME::码,train
hot-1113,这季追番列表已经排满了。,追番,中性,yes,literal,二次元类,持续观看正在更新的动画,这季追番列表已经排满了。,持续观看新番,hot_meme,MEME::追番,train
hot-1114,每周追番成了我最放松的时候。,追番,正向,yes,literal,二次元类,持续观看正在更新的动画,这季追番列表已经排满了。,观看动画的休闲习惯,hot_meme,MEME::追番,train
hot-2049,这季新番质量很高，追番体验特别开心。,追番,正向,yes,literal,二次元类,持续观看正在更新的动画,这季追番列表已经排满了。,享受观看过程,hot_meme,MEME::追番,train
hot-2050,我最近列了一份追番清单。,追番,中性,yes,literal,二次元类,持续观看正在更新的动画,这季追番列表已经排满了。,日常安排,hot_meme,MEME::追番,train
hot-2051,剧本越写越乱，追番追得心累。,追番,负向,yes,literal,二次元类,持续观看正在更新的动画,这季追番列表已经排满了。,对剧情失望,hot_meme,MEME::追番,train
hot-28,别说了，干饭去。,干饭,中性,yes,literal,生活态度类,吃饭（网络用语）,别说了，干饭去。,吃饭（网络用语）,hot_meme,MEME::干饭,dev
hot-131,演唱会周边卖断货了。,周边,中性,yes,literal,二次元类,衍生商品,演唱会周边卖断货了。,衍生商品,hot_meme,MEME::周边,test
hot-238,看这出闹剧，太乐了。,太乐了,正向,yes,literal,情绪状态类,好笑,看这出闹剧，太乐了。,好笑,hot_meme,MEME::太乐了,train
hot-95,现在买东西先看评价再比价，反向消费。,反向消费,正向,yes,literal,社会现象类,理性消费,现在买东西先看评价再比价，反向消费。,理性消费,hot_meme,MEME::反向消费,train
hot-47,这首歌太上头了，循环一整天。,上头,正向,yes,literal,情绪状态类,沉迷、停不下来,这首歌太上头了，循环一整天。,沉迷、停不下来,hot_meme,MEME::上头,test
hot-272,这意识，预判拉满。,意识,正向,yes,literal,游戏类,游戏理解,这意识，预判拉满。,游戏理解,hot_meme,MEME::意识,dev
hot-82,班里那个显眼包又整活了。,显眼包,中性,yes,literal,社会现象类,爱出风头的人,班里那个显眼包又整活了。,爱出风头的人,hot_meme,MEME::显眼包,train
hot-1035,这一波进场像天神下凡，太帅了。,天神下凡,正向,yes,literal,游戏类,形容选手进场或操作极具压制力,这一波进场像天神下凡。,形容极具压制力的进场,hot_meme,MEME::天神下凡,train
hot-1036,上单天神下凡一打三，全场沸腾。,天神下凡,正向,yes,literal,游戏类,形容选手进场或操作极具压制力,这一波进场像天神下凡。,精彩团战表现,hot_meme,MEME::天神下凡,train
hot-92,从小镇考出来，小镇做题家也能有春天。,小镇做题家,正向,yes,literal,社会现象类,应试教育出身的人,从小镇考出来，小镇做题家也能有春天。,应试教育出身的人,hot_meme,MEME::小镇做题家,train
hot-107,这局全程苟分，终于进决赛圈。,苟分,中性,yes,literal,游戏类,猥琐发育上分,这局全程苟分，终于进决赛圈。,猥琐发育上分,hot_meme,MEME::苟分,dev
hot-227,收手吧，别再抽卡了。,收手吧,中性,yes,literal,弹幕文化类,劝停,收手吧，别再抽卡了。,劝停,hot_meme,MEME::收手吧,test
hot-1089,榜一大哥又刷礼物了。,榜一,中性,yes,literal,直播主播类,直播间礼物贡献榜第一名,榜一大哥又刷礼物了。,礼物贡献榜第一名,hot_meme,MEME::榜一,train
hot-1090,冲了半天还是没进榜一。,榜一,负向,yes,literal,直播主播类,直播间礼物贡献榜第一名,榜一大哥又刷礼物了。,未达到礼物榜首位,hot_meme,MEME::榜一,train
hot-125,加班必备肥宅快乐水。,肥宅快乐水,中性,yes,literal,二次元类,可乐,加班必备肥宅快乐水。,可乐,hot_meme,MEME::肥宅快乐水,train
hot-37,看到妈妈偷偷塞进包里的钱，破防了。,破防,正向,yes,literal,情绪状态类,心理防线被击溃,看到妈妈偷偷塞进包里的钱，破防了。,心理防线被击溃（感动）,hot_meme,MEME::破防,train
hot-38,输掉这场关键比赛，真的破防了。,破防,负向,yes,literal,情绪状态类,心理防线被击溃,看到妈妈偷偷塞进包里的钱，破防了。,心理防线被击溃（崩溃）,hot_meme,MEME::破防,train
hot-2001,听到大家合唱那首歌，我一下就破防了，眼泪止不住。,破防,正向,yes,literal,情绪状态类,心理防线被击溃,看到妈妈偷偷塞进包里的钱，破防了。,被感动而破防,hot_meme,MEME::破防,train
hot-2002,最近评论区总有人说破防，我一直没弄明白具体是什么意思。,破防,中性,yes,literal,情绪状态类,心理防线被击溃,看到妈妈偷偷塞进包里的钱，破防了。,解释词义,hot_meme,MEME::破防,train
hot-2003,排位连续被队友坑了五把，我彻底破防了。,破防,负向,yes,literal,情绪状态类,心理防线被击溃,看到妈妈偷偷塞进包里的钱，破防了。,被连续挫败,hot_meme,MEME::破防,train
hot-190,二创比原作还好看。,二创,正向,yes,literal,二次元类,二次创作,二创比原作还好看。,二次创作,hot_meme,MEME::二创,test
hot-123,周末在家躺两天，标准死宅。,死宅,中性,yes,literal,二次元类,宅在家,周末在家躺两天，标准死宅。,宅在家,hot_meme,MEME::死宅,dev
hot-209,风一吹，头冷。,头冷,中性,yes,literal,生活态度类,秃头自嘲,风一吹，头冷。,秃头自嘲,hot_meme,MEME::头冷,train
hot-1021,大号打小号虐菜没意思。,虐菜,负向,yes,literal,游戏类,打败实力明显更弱的对手,大号打小号虐菜没意思。,击败实力更弱的对手,hot_meme,MEME::虐菜,train
hot-1022,今天纯属虐菜局，赢得没什么压力。,虐菜,中性,yes,literal,游戏类,打败实力明显更弱的对手,大号打小号虐菜没意思。,对局实力差距明显,hot_meme,MEME::虐菜,train
hot-169,我说这话纯属玩梗，狗头保命。,狗头保命,中性,yes,literal,弹幕文化类,免责声明,我说这话纯属玩梗，狗头保命。,免责声明,hot_meme,MEME::狗头保命,dev
hot-150,这个舞蹈动作太魔性了。,魔性,中性,yes,literal,弹幕文化类,让人上头,这个舞蹈动作太魔性了。,让人上头,hot_meme,MEME::魔性,test
hot-89,作业随便写写，糊弄学十级学者。,糊弄学,中性,yes,literal,社会现象类,敷衍了事,作业随便写写，糊弄学十级学者。,敷衍了事,hot_meme,MEME::糊弄学,train
hot-143,家人们谁懂啊，这个bug我改了三小时。,家人们谁懂啊,中性,yes,literal,弹幕文化类,求共鸣,家人们谁懂啊，这个bug我改了三小时。,求共鸣,hot_meme,MEME::家人们谁懂啊,train
hot-21,闹钟没响，今天要迟到了，芭比Q了。,芭比Q了,负向,yes,literal,谐音类,完蛋了（谐音barbecue）,闹钟没响，今天要迟到了，芭比Q了。,完蛋了（谐音barbecue）,hot_meme,MEME::芭比Q了,train
hot-22,手机掉水里了，这下芭比Q了。,芭比Q了,负向,yes,literal,谐音类,完蛋了（谐音barbecue）,闹钟没响，今天要迟到了，芭比Q了。,完蛋了（谐音barbecue）,hot_meme,MEME::芭比Q了,train
hot-168,热知识：WiFi要按时重启。,热知识,中性,yes,literal,弹幕文化类,常识,热知识：WiFi要按时重启。,常识,hot_meme,MEME::热知识,dev
hot-63,主题曲一响，燃爆全场。,燃爆,正向,yes,literal,情绪状态类,热血沸腾,主题曲一响，燃爆全场。,热血沸腾,hot_meme,MEME::燃爆,test
hot-94,他说出了我的心里话，互联网嘴替。,互联网嘴替,正向,yes,literal,社会现象类,替大家说话的人,他说出了我的心里话，互联网嘴替。,替大家说话的人,hot_meme,MEME::互联网嘴替,train
hot-1057,两个人拉枪线，轻轻松松进点。,拉枪线,正向,yes,literal,游戏类,通过多人交叉火力形成配合,两个人拉枪线，轻轻松松进点。,多人火力配合,hot_meme,MEME::拉枪线,train
hot-1058,不会拉枪线就别急着冲。,拉枪线,负向,yes,literal,游戏类,通过多人交叉火力形成配合,两个人拉枪线，轻轻松松进点。,提醒缺少配合,hot_meme,MEME::拉枪线,train
hot-1033,看到777就知道评论区又要玩梗了。,777,中性,yes,literal,游戏类,与英雄联盟选手Clearlove相关的梗,看到777就知道评论区又要玩梗了。,英雄联盟选手相关梗,hot_meme,MEME::777,train
hot-1034,满屏的777，老玩家都懂。,777,中性,yes,literal,游戏类,与英雄联盟选手Clearlove相关的梗,看到777就知道评论区又要玩梗了。,英雄联盟选手相关梗,hot_meme,MEME::777,train
hot-311,吉隆坡的天气他是翻云又覆雨,翻云覆雨,正向,yes,variant,弹幕文化类,对炫神的梗,吉隆坡的天气他是翻云又覆雨,炫神的翻云覆雨,hot_meme,MEME::翻云覆雨,test
hot-235,这翻唱有内味了。,有内味了,正向,yes,literal,弹幕文化类,有那个感觉了,这翻唱有内味了。,有那个感觉了,hot_meme,MEME::有内味了,dev
hot-93,脱下孔乙己的长衫，才敢尝试摆摊。,孔乙己的长衫,中性,yes,literal,社会现象类,学历束缚,脱下孔乙己的长衫，才敢尝试摆摊。,学历束缚,hot_meme,MEME::孔乙己的长衫,train
hot-5,u1s1，这部电影的配乐确实不错。,u1s1,中性,yes,literal,缩写类,有一说一,u1s1，这部电影的配乐确实不错。,有一说一,hot_meme,MEME::u1s1,train
hot-6,u1s1，他这波操作确实有问题。,u1s1,中性,yes,literal,缩写类,有一说一,u1s1，这部电影的配乐确实不错。,有一说一,hot_meme,MEME::u1s1,train
hot-180,这个组合两年就糊了。,糊了,负向,yes,literal,饭圈娱乐类,过气,这个组合两年就糊了。,过气,hot_meme,MEME::糊了,train
hot-186,元宇宙概念又火了一波。,元宇宙,中性,yes,literal,二次元类,虚拟世界,元宇宙概念又火了一波。,虚拟世界,hot_meme,MEME::元宇宙,train
hot-205,码农的日常，改需求。,码农,中性,yes,literal,生活态度类,程序员自嘲,码农的日常，改需求。,程序员自嘲,hot_meme,MEME::码农,dev
hot-46,那部剧的结局，到现在还意难平。,意难平,负向,yes,literal,情绪状态类,遗憾、不甘心,那部剧的结局，到现在还意难平。,遗憾、不甘心,hot_meme,MEME::意难平,test
hot-132,一直白嫖他的攻略，有点不好意思。,白嫖,中性,yes,literal,生活态度类,不花钱享用,一直白嫖他的攻略，有点不好意思。,不花钱享用,hot_meme,MEME::白嫖,train
hot-271,这波运营思路清晰。,运营,正向,yes,literal,游戏类,局势经营,这波运营思路清晰。,局势经营,hot_meme,MEME::运营,train
hot-279,残血反打，漂亮。,反打,正向,yes,literal,游戏类,反击,残血反打，漂亮。,反击,hot_meme,MEME::反打,train
hot-1009,亚索拿到手，本命英雄就是顺手。,本命,正向,yes,literal,游戏类,最擅长或最喜欢的英雄或角色,亚索拿到手，本命英雄就是顺手。,最擅长的英雄,hot_meme,MEME::本命,train
hot-1010,这个角色的手感很像我的本命。,本命,中性,yes,literal,游戏类,最擅长或最喜欢的英雄或角色,亚索拿到手，本命英雄就是顺手。,最擅长或最喜欢的角色,hot_meme,MEME::本命,train
hot-173,网友直接把他怼到删帖。,怼,中性,yes,literal,弹幕文化类,反驳,网友直接把他怼到删帖。,反驳,hot_meme,MEME::怼,dev
hot-185,赛博朋克风格的游戏画面。,赛博,中性,yes,literal,二次元类,数字网络风,赛博朋克风格的游戏画面。,数字网络风,hot_meme,MEME::赛博,test
hot-181,这家店没撑过一年，凉了。,凉了,负向,yes,literal,饭圈娱乐类,完了、过气,这家店没撑过一年，凉了。,完了、过气,hot_meme,MEME::凉了,train
hot-130,这尊手办做工真精细。,手办,正向,yes,literal,二次元类,人物模型,这尊手办做工真精细。,人物模型,hot_meme,MEME::手办,train
hot-3,看到猫追自己尾巴转了三圈，xswl。,xswl,正向,yes,literal,缩写类,笑死我了,看到猫追自己尾巴转了三圈，xswl。,笑死我了,hot_meme,MEME::xswl,train
hot-4,这个沙雕网友的评论，真的xswl。,xswl,正向,yes,literal,缩写类,笑死我了,看到猫追自己尾巴转了三圈，xswl。,笑死我了,hot_meme,MEME::xswl,train
hot-274,预判了你的预判。,预判,正向,yes,literal,游戏类,预判对方,预判了你的预判。,预判对方,hot_meme,MEME::预判,train
hot-2031,他心态特别好，当个乐子人把尴尬现场变成了笑点。,乐子人,正向,yes,literal,,,,用幽默化解气氛,hot_meme,MEME::乐子人,train
hot-2032,我只是个围观事件的乐子人。,乐子人,中性,yes,literal,,,,自称围观者,hot_meme,MEME::乐子人,train
hot-2033,别人遇到困难还在当乐子人，真的很不尊重。,乐子人,负向,yes,literal,,,,缺乏同理心,hot_meme,MEME::乐子人,train
hot-66,排队半小时结果店家关门了，无语子。,无语子,负向,yes,literal,情绪状态类,无语,排队半小时结果店家关门了，无语子。,无语,hot_meme,MEME::无语子,dev
hot-183,谁又把老帖挖出来了。,挖坟,中性,yes,variant,弹幕文化类,顶旧帖,谁又把老帖挖出来了。,顶旧帖,hot_meme,MEME::挖坟,test
hot-302,fbfq干飞妈，干的飞马笑哈哈,fbfq,正向,yes,literal,缩写类,主播张顺飞的梗，在其父亲的坟前,飞吧坟前,玩主播张顺飞的梗,hot_meme,MEME::fbfq,train
hot-146,高能预警，别在办公室点开。,高能预警,中性,yes,literal,弹幕文化类,精彩预警,高能预警，别在办公室点开。,精彩预警,hot_meme,MEME::高能预警,dev
hot-23,我爱看什么剧，雨女无瓜。,雨女无瓜,中性,yes,literal,谐音类,与你无关（谐音）,我爱看什么剧，雨女无瓜。,与你无关（谐音）,hot_meme,MEME::雨女无瓜,test
hot-285,上班摸鱼一时爽。,摸,中性,yes,literal,生活态度类,偷懒,上班摸鱼一时爽。,偷懒,hot_meme,MEME::摸,train
hot-2040,这场联动又怪又好笑，抽象得刚刚好。,抽象,正向,yes,literal,,,,幽默地称赞,hot_meme,MEME::抽象,train
hot-2041,这段视频的抽象风格很有个人特点。,抽象,中性,yes,literal,,,,描述风格,hot_meme,MEME::抽象,train
hot-2042,对方全程答非所问，沟通得太抽象了。,抽象,负向,yes,literal,,,,批评沟通混乱,hot_meme,MEME::抽象,train
hot-79,早安，打工人！,打工人,正向,yes,literal,社会现象类,上班族自嘲,早安，打工人！,上班族自嘲,hot_meme,MEME::打工人,train
hot-1067,近距离跑打居然全中，运气太好了。,跑打,正向,yes,literal,游戏类,移动过程中开枪,近距离跑打居然全中。,移动中射击命中,hot_meme,MEME::跑打,train
hot-1068,一直跑打命中率太低，得停下来。,跑打,负向,yes,literal,游戏类,移动过程中开枪,近距离跑打居然全中。,移动射击不稳定,hot_meme,MEME::跑打,train
hot-1003,三路全崩，这局纯坐牢。,坐牢,负向,yes,literal,游戏类,对局中长期被压制、毫无游戏体验,三路全崩，这局纯坐牢。,对局中长期被压制,hot_meme,MEME::坐牢,train
hot-1004,排位连跪五把，真在游戏里坐牢。,坐牢,负向,yes,literal,游戏类,对局中长期被压制、毫无游戏体验,三路全崩，这局纯坐牢。,毫无游戏体验,hot_meme,MEME::坐牢,train
hot-2055,逆风局硬是翻盘，这场坐牢也值了。,坐牢,正向,yes,literal,游戏类,对局中长期被压制、毫无游戏体验,三路全崩，这局纯坐牢。,艰难局面最终取胜,hot_meme,MEME::坐牢,train
hot-2056,大家说坐牢，一般是指对局体验很差。,坐牢,中性,yes,literal,游戏类,对局中长期被压制、毫无游戏体验,三路全崩，这局纯坐牢。,解释用法,hot_meme,MEME::坐牢,train
hot-2057,三路崩盘还被压在高地，这局纯坐牢。,坐牢,负向,yes,literal,游戏类,对局中长期被压制、毫无游戏体验,三路全崩，这局纯坐牢。,对局体验很差,hot_meme,MEME::坐牢,train
hot-1061,一打三残局被他收下来了。,残局,正向,yes,literal,游戏类,队友阵亡后由少量玩家处理的局面,一打三残局被他收下来了。,少打多局面,hot_meme,MEME::残局,test
hot-1062,残局处理失误，输得太可惜。,残局,负向,yes,literal,游戏类,队友阵亡后由少量玩家处理的局面,一打三残局被他收下来了。,关键局面处理失败,hot_meme,MEME::残局,test
hot-244,不想卷了，开摆。,开摆,中性,yes,literal,生活态度类,开始摆烂,不想卷了，开摆。,开始摆烂,hot_meme,MEME::开摆,train
hot-2016,今天任务提前完成，晚上可以开摆了。,开摆,正向,yes,literal,生活态度类,开始摆烂,不想卷了，开摆。,完成任务后放松,hot_meme,MEME::开摆,train
hot-2017,忙完这阵子再开摆也不迟。,开摆,中性,yes,literal,生活态度类,开始摆烂,不想卷了，开摆。,计划休息,hot_meme,MEME::开摆,train
hot-2018,项目还没做完就开摆，最后还是同事帮我收尾。,开摆,负向,yes,literal,生活态度类,开始摆烂,不想卷了，开摆。,消极放弃,hot_meme,MEME::开摆,train
hot-108,大神队友带飞，轻松上分。,带飞,正向,yes,literal,游戏类,带赢,大神队友带飞，轻松上分。,带赢,hot_meme,MEME::带飞,dev
hot-278,辅助开团开得好。,开团,正向,yes,literal,游戏类,发起团战,辅助开团开得好。,发起团战,hot_meme,MEME::开团,dev
hot-291,蹲一个链接。,蹲,中性,yes,literal,弹幕文化类,等待,蹲一个链接。,等待,hot_meme,MEME::蹲,dev
hot-1069,这盲狙太夸张，自己都愣住了。,盲狙,正向,yes,literal,游戏类,未开镜或凭感觉完成狙击,这盲狙太夸张了。,未开镜狙击命中,hot_meme,MEME::盲狙,train
hot-1070,盲狙没打中，白白送了位置。,盲狙,负向,yes,literal,游戏类,未开镜或凭感觉完成狙击,这盲狙太夸张了。,冒险狙击失败,hot_meme,MEME::盲狙,train
hot-208,熬夜让发际线又上移了。,发际线,负向,yes,literal,生活态度类,脱发,熬夜让发际线又上移了。,脱发,hot_meme,MEME::发际线,test
hot-154,你卖瓜的，这瓜保熟吗？,这瓜保熟吗,中性,yes,literal,影视梗类,影视剧经典台词梗,你卖瓜的，这瓜保熟吗？,影视剧经典台词梗,hot_meme,MEME::这瓜保熟吗,train
hot-1007,今晚先打两把排位热热身。,排位,中性,yes,literal,游戏类,排位赛,今晚先打两把排位热热身。,排位赛,hot_meme,MEME::排位,train
hot-1008,排位又遇到挂机，心态直接没了。,排位,负向,yes,literal,游戏类,排位赛,今晚先打两把排位热热身。,排位赛中的负面体验,hot_meme,MEME::排位,train
hot-52,喜欢的歌手被曝出绯闻，塌房了。,塌房,负向,yes,literal,饭圈娱乐类,偶像人设崩塌,喜欢的歌手被曝出绯闻，塌房了。,偶像人设崩塌,hot_meme,MEME::塌房,dev
hot-24,连续加班三天，蓝瘦香菇。,蓝瘦香菇,负向,yes,literal,谐音类,难受想哭（谐音）,连续加班三天，蓝瘦香菇。,难受想哭（谐音）,hot_meme,MEME::蓝瘦香菇,test
hot-1085,弹幕被主播念到了，我直接上电视。,上电视,正向,yes,literal,直播主播类,弹幕或留言被主播直播间展示,弹幕被主播念到了，我直接上电视。,留言被直播间展示,hot_meme,MEME::上电视,train
hot-1086,发了几条都没上电视，运气有点差。,上电视,负向,yes,literal,直播主播类,弹幕或留言被主播直播间展示,弹幕被主播念到了，我直接上电视。,留言未被展示,hot_meme,MEME::上电视,train
hot-2067,我的留言真的上电视了，主播还念了两遍。,上电视,正向,yes,literal,直播主播类,弹幕或留言被主播直播间展示,弹幕被主播念到了，我直接上电视。,留言被展示,hot_meme,MEME::上电视,train
hot-2068,想知道怎么才能上电视，可以先看直播规则。,上电视,中性,yes,literal,直播主播类,弹幕或留言被主播直播间展示,弹幕被主播念到了，我直接上电视。,了解直播互动,hot_meme,MEME::上电视,train
hot-2069,发了半天弹幕一次也没上电视，有点失落。,上电视,负向,yes,literal,直播主播类,弹幕或留言被主播直播间展示,弹幕被主播念到了，我直接上电视。,互动未被展示,hot_meme,MEME::上电视,train
hot-134,蹲点抢券薅羊毛成功。,薅羊毛,正向,yes,literal,生活态度类,占便宜,蹲点抢券薅羊毛成功。,占便宜,hot_meme,MEME::薅羊毛,test
hot-1045,才落后一点就逆风投，太没意思了。,逆风投,负向,yes,literal,游戏类,落后就想投降,才落后一点就逆风投，太没意思了。,落后就想投降,hot_meme,MEME::逆风投,train
hot-1046,队友一直点投降，纯逆风投心态。,逆风投,负向,yes,literal,游戏类,落后就想投降,才落后一点就逆风投，太没意思了。,逆风局放弃比赛,hot_meme,MEME::逆风投,train
hot-151,B站鬼畜区永远的神。,鬼畜,正向,yes,literal,弹幕文化类,恶搞剪辑,B站鬼畜区永远的神。,恶搞剪辑,hot_meme,MEME::鬼畜,dev
hot-120,他说的台词好中二。,中二,中性,yes,literal,二次元类,自以为是、爱幻想,他说的台词好中二。,自以为是、爱幻想,hot_meme,MEME::中二,train
hot-203,这系统又卡bug了。,卡bug,负向,yes,literal,生活态度类,出故障,这系统又卡bug了。,出故障,hot_meme,MEME::卡bug,train
hot-78,这学期绩点才4.2，凡尔赛本赛。,凡尔赛,中性,yes,literal,社会现象类,低调炫耀,这学期绩点才4.2，凡尔赛本赛。,低调炫耀,hot_meme,MEME::凡尔赛,dev
hot-292,求一个无水印版本。,求,中性,yes,literal,弹幕文化类,请求,求一个无水印版本。,请求,hot_meme,MEME::求,test
hot-179,首秀表现，出道即巅峰。,出道即巅峰,正向,yes,literal,饭圈娱乐类,一开始就登顶,首秀表现，出道即巅峰。,一开始就登顶,hot_meme,MEME::出道即巅峰,train
hot-55,老游戏重新开服，爷青回。,爷青回,正向,yes,literal,饭圈娱乐类,青春回来了,老游戏重新开服，爷青回。,青春回来了,hot_meme,MEME::爷青回,train
hot-110,新赛季抱大腿上分。,抱大腿,中性,yes,literal,游戏类,靠强者,新赛季抱大腿上分。,靠强者,hot_meme,MEME::抱大腿,train
hot-36,把我丑照发群里，你礼貌吗？,你礼貌吗,负向,yes,literal,弹幕文化类,吐槽对方没礼貌,把我丑照发群里，你礼貌吗？,吐槽对方没礼貌,hot_meme,MEME::你礼貌吗,train
hot-90,工资三千，咖啡三十，精致穷本穷。,精致穷,中性,yes,literal,社会现象类,穷但精致,工资三千，咖啡三十，精致穷本穷。,穷但精致,hot_meme,MEME::精致穷,dev
hot-241,看到成绩单，汗流浃背。,汗流浃背,负向,yes,literal,情绪状态类,紧张害怕,看到成绩单，汗流浃背。,紧张害怕,hot_meme,MEME::汗流浃背,train
hot-1023,高段位来低分段炸鱼，属实破坏体验。,炸鱼,负向,yes,literal,游戏类,高段位玩家开小号虐低段位玩家,高段位来低分段炸鱼，属实破坏体验。,高段位玩家开小号,hot_meme,MEME::炸鱼,train
hot-1024,主播开小号炸鱼，节目效果确实拉满。,炸鱼,中性,yes,literal,游戏类,高段位玩家开小号虐低段位玩家,高段位来低分段炸鱼，属实破坏体验。,虐低段位玩家,hot_meme,MEME::炸鱼,train
hot-2058,看完高手炸鱼的教学，我终于知道该怎么打了。,炸鱼,正向,yes,literal,游戏类,高段位玩家开小号虐低段位玩家,高段位来低分段炸鱼，属实破坏体验。,从高手对局中学习,hot_meme,MEME::炸鱼,train
hot-2059,炸鱼指高段位玩家去低分段游玩。,炸鱼,中性,yes,literal,游戏类,高段位玩家开小号虐低段位玩家,高段位来低分段炸鱼，属实破坏体验。,解释词义,hot_meme,MEME::炸鱼,train
hot-2060,高段位故意炸鱼欺负新手，体验太差了。,炸鱼,负向,yes,literal,游戏类,高段位玩家开小号虐低段位玩家,高段位来低分段炸鱼，属实破坏体验。,破坏公平体验,hot_meme,MEME::炸鱼,train
hot-194,黄牛票炒到天价。,天价,负向,yes,literal,生活态度类,价格极高,黄牛票炒到天价。,价格极高,hot_meme,MEME::天价,test
hot-40,看到老师发际线后移，绷不住了。,绷不住了,中性,yes,literal,情绪状态类,忍不住,看到老师发际线后移，绷不住了。,忍不住（调侃）,hot_meme,MEME::绷不住了,dev
hot-145,前方高能，非战斗人员撤离。,前方高能,中性,yes,literal,弹幕文化类,精彩预警,前方高能，非战斗人员撤离。,精彩预警,hot_meme,MEME::前方高能,test
hot-220,全网都在跳这个舞。,全网都在,中性,yes,literal,社会现象类,全网流行,全网都在跳这个舞。,全网流行,hot_meme,MEME::全网都在,train
hot-308,你这个十八码的,十八码,负向,yes,literal,弹幕文化类,死爸妈,你这个十八码的,说别人爸妈死了,hot_meme,MEME::十八码,train
hot-50,赛前说稳赢，结果被翻盘，打脸了。,打脸,中性,yes,literal,情绪状态类,被事实推翻,赛前说稳赢，结果被翻盘，打脸了。,被事实推翻,hot_meme,MEME::打脸,train
hot-1091,扣1送地狱火，经典直播间段子。,扣1送地狱火,中性,yes,literal,直播主播类,直播间假装送热门游戏皮肤的互动段子,扣1送地狱火，经典直播间段子。,直播间送皮肤互动段子,hot_meme,MEME::扣1送地狱火,train
hot-1092,弹幕全在刷扣1送地狱火，太抽象了。,扣1送地狱火,正向,yes,literal,直播主播类,直播间假装送热门游戏皮肤的互动段子,扣1送地狱火，经典直播间段子。,经典直播间弹幕梗,hot_meme,MEME::扣1送地狱火,train
hot-1001,这局打得太下饭了，我笑得肚子疼。,下饭,正向,yes,literal,游戏类,操作失误频出、表现差到有娱乐效果,这局打得太下饭了。,操作失误但很有节目效果,hot_meme,MEME::下饭,train
hot-1002,操作下饭到队友都沉默了。,下饭,负向,yes,literal,游戏类,操作失误频出、表现差到有娱乐效果,这局打得太下饭了。,表现差到有娱乐效果,hot_meme,MEME::下饭,train
hot-2085,这局虽然失误很多，但下饭操作把全队都逗笑了。,下饭,正向,yes,literal,游戏类,操作失误频出、表现差到有娱乐效果,这局打得太下饭了。,失误带来娱乐效果,hot_meme,MEME::下饭,train
hot-2086,下饭一般用来形容操作差但很有节目效果。,下饭,中性,yes,literal,游戏类,操作失误频出、表现差到有娱乐效果,这局打得太下饭了。,解释用法,hot_meme,MEME::下饭,train
hot-2087,关键比赛打成这样，已经不是下饭而是让人失望。,下饭,负向,yes,literal,游戏类,操作失误频出、表现差到有娱乐效果,这局打得太下饭了。,表现差且无法娱乐化,hot_meme,MEME::下饭,train
hot-86,中奖了，泼天的富贵终于轮到我了。,泼天的富贵,正向,yes,literal,社会现象类,巨大的好运,中奖了，泼天的富贵终于轮到我了。,巨大的好运,hot_meme,MEME::泼天的富贵,test
hot-42,这个bug改了一天还没好，麻了。,麻了,负向,yes,literal,情绪状态类,无语、麻木,这个bug改了一天还没好，麻了。,无语、麻木,hot_meme,MEME::麻了,dev
hot-13,我先下了，886。,886,中性,yes,literal,缩写类,拜拜了,我先下了，886。,拜拜了,hot_meme,MEME::886,dev
hot-105,跳伞太快，落地成盒。,落地成盒,负向,yes,literal,游戏类,开局就死,跳伞太快，落地成盒。,开局就死,hot_meme,MEME::落地成盒,test
hot-1059,这个点位封烟很好用，进攻很顺。,点位,正向,yes,literal,游戏类,地图上的站位或技能落点,这个点位封烟很好用。,地图站位或技能落点,hot_meme,MEME::点位,train
hot-1060,点位没站好，被对面一枪带走。,点位,负向,yes,literal,游戏类,地图上的站位或技能落点,这个点位封烟很好用。,站位失误,hot_meme,MEME::点位,train
hot-1017,他是区里的绝活哥，拿到本命就乱杀。,绝活哥,正向,yes,literal,游戏类,专精某个英雄或角色的玩家,他是区里的绝活哥。,专精玩家,hot_meme,MEME::绝活哥,train
hot-1018,绝活哥被针对后也没了发挥空间。,绝活哥,负向,yes,literal,游戏类,专精某个英雄或角色的玩家,他是区里的绝活哥。,专精玩家被限制,hot_meme,MEME::绝活哥,train
hot-2013,他拿到本命英雄后操作拉满，真不愧是绝活哥。,绝活哥,正向,yes,literal,游戏类,专精某个英雄或角色的玩家,他是区里的绝活哥。,称赞专精玩家,hot_meme,MEME::绝活哥,train
hot-2014,绝活哥通常只专精一个英雄，其他角色玩得一般。,绝活哥,中性,yes,literal,游戏类,专精某个英雄或角色的玩家,他是区里的绝活哥。,解释特点,hot_meme,MEME::绝活哥,train
hot-2015,只会玩一个英雄，被禁了就不行，这种绝活哥太好针对。,绝活哥,负向,yes,literal,游戏类,专精某个英雄或角色的玩家,他是区里的绝活哥。,批评英雄池太浅,hot_meme,MEME::绝活哥,train
hot-202,汇报到一半脑子宕机了。,宕机,负向,yes,literal,情绪状态类,卡住,汇报到一半脑子宕机了。,卡住,hot_meme,MEME::宕机,test
hot-309,骂谁罕见！？,罕见,负向,yes,literal,弹幕文化类,汉奸的谐音,骂谁罕见？！,怒，好怒,hot_meme,MEME::罕见,dev
hot-100,我的饭搭子今天请假了，午饭没滋味。,饭搭子,中性,yes,literal,社会现象类,一起吃饭的伙伴,我的饭搭子今天请假了，午饭没滋味。,一起吃饭的伙伴,hot_meme,MEME::饭搭子,train
hot-162,别蹭热度了，专注作品。,蹭热度,负向,yes,literal,弹幕文化类,蹭热点,别蹭热度了，专注作品。,蹭热点,hot_meme,MEME::蹭热度,train
hot-213,格局打开，别为小事纠结。,格局打开,正向,yes,literal,生活态度类,看得长远,格局打开，别为小事纠结。,看得长远,hot_meme,MEME::格局打开,test
hot-214,格局小了，往远处看。,格局小了,中性,yes,literal,生活态度类,眼界窄,格局小了，往远处看。,眼界窄,hot_meme,MEME::格局小了,dev
hot-129,隐藏款概率太低，非洲人劝退。,隐藏款,中性,yes,literal,二次元类,稀有款式,隐藏款概率太低，非洲人劝退。,稀有款式,hot_meme,MEME::隐藏款,train
hot-126,新出的谷子又买了一大堆。,谷子,中性,yes,literal,二次元类,周边商品,新出的谷子又买了一大堆。,周边商品,hot_meme,MEME::谷子,train
hot-10,追这个综艺追得zqsg，真情实感了。,zqsg,正向,yes,literal,缩写类,真情实感,追这个综艺追得zqsg。,真情实感,hot_meme,MEME::zqsg,train
hot-297,一键三连支持UP主。,三连,正向,yes,literal,弹幕文化类,点赞投币收藏,一键三连支持UP主。,点赞投币收藏,hot_meme,MEME::三连,train
hot-2046,这个教程帮我解决了大问题，必须三连支持。,三连,正向,yes,literal,弹幕文化类,点赞投币收藏,一键三连支持UP主。,感谢优质内容,hot_meme,MEME::三连,train
hot-2047,视频结尾提醒观众可以三连。,三连,中性,yes,literal,弹幕文化类,点赞投币收藏,一键三连支持UP主。,介绍互动方式,hot_meme,MEME::三连,train
hot-2048,内容做得这么敷衍还求三连，实在点不下去。,三连,负向,yes,literal,弹幕文化类,点赞投币收藏,一键三连支持UP主。,拒绝支持低质内容,hot_meme,MEME::三连,train
hot-1083,现在成大主播了，弹幕都刷不过来了。,大主播,正向,yes,literal,直播主播类,人气较高的主播，也可用于调侃,现在成大主播了，弹幕都刷不过来了。,人气主播,hot_meme,MEME::大主播,train
hot-1084,大主播别忘了我们这些老观众。,大主播,中性,yes,literal,直播主播类,人气较高的主播，也可用于调侃,现在成大主播了，弹幕都刷不过来了。,调侃人气主播,hot_meme,MEME::大主播,train
hot-163,这话题今天热搜预定。,热搜预定,中性,yes,literal,弹幕文化类,会上热搜,这话题今天热搜预定。,会上热搜,hot_meme,MEME::热搜预定,dev
hot-73,这个月绩效没希望了，直接摆烂。,摆烂,负向,yes,literal,生活态度类,破罐破摔,这个月绩效没希望了，直接摆烂。,破罐破摔,hot_meme,MEME::摆烂,train
hot-2019,休息日偶尔摆烂一下，能让自己恢复状态。,摆烂,正向,yes,literal,生活态度类,破罐破摔,这个月绩效没希望了，直接摆烂。,适度放松,hot_meme,MEME::摆烂,train
hot-2020,他这周请假在家，基本处于摆烂状态。,摆烂,中性,yes,literal,生活态度类,破罐破摔,这个月绩效没希望了，直接摆烂。,描述暂时放松,hot_meme,MEME::摆烂,train
hot-2021,作业一直拖到最后还摆烂，结果只能熬夜补。,摆烂,负向,yes,literal,生活态度类,破罐破摔,这个月绩效没希望了，直接摆烂。,消极拖延,hot_meme,MEME::摆烂,train
hot-9,dbq，我刚刚走神了，你说到哪了。,dbq,中性,yes,literal,缩写类,对不起,dbq，我刚刚走神了。,对不起,hot_meme,MEME::dbq,test
hot-270,这锅我来背。,背锅,中性,yes,variant,游戏类,承担责任,这锅我来背。,承担责任,hot_meme,MEME::背锅,dev
hot-67,说好AA结果他装傻，乌鱼子。,乌鱼子,负向,yes,literal,情绪状态类,无语,说好AA结果他装傻，乌鱼子。,无语,hot_meme,MEME::乌鱼子,test
hot-35,皮皮虾我们走，一起去吃火锅。,皮皮虾我们走,正向,yes,literal,谐音类,网络流行语，走吧,皮皮虾我们走，一起去吃火锅。,网络流行语，走吧,hot_meme,MEME::皮皮虾我们走,train
hot-246,好家伙，这操作可以。,好家伙,正向,yes,literal,弹幕文化类,惊叹,好家伙，这操作可以。,惊叹,hot_meme,MEME::好家伙,test
hot-172,你说话别阴阳怪气的。,阴阳怪气,负向,yes,literal,弹幕文化类,反讽,你说话别阴阳怪气的。,反讽,hot_meme,MEME::阴阳怪气,dev
hot-97,周末两天玩三个城市，特种兵式旅游。,特种兵式旅游,中性,yes,literal,社会现象类,高强度旅游,周末两天玩三个城市，特种兵式旅游。,高强度旅游,hot_meme,MEME::特种兵式旅游,train
hot-187,虚拟主播的直播人气真高。,虚拟主播,正向,yes,literal,二次元类,VTuber,虚拟主播的直播人气真高。,VTuber,hot_meme,MEME::虚拟主播,train
hot-17,看到这剧情反转，蚌埠住了。,蚌埠住了,正向,yes,literal,谐音类,绷不住了（谐音），忍不住笑,看到这剧情反转，蚌埠住了。,绷不住了（谐音），忍不住笑,hot_meme,MEME::蚌埠住了,train
hot-18,室友讲笑话把自己讲笑了，蚌埠住了。,蚌埠住了,正向,yes,literal,谐音类,绷不住了（谐音），忍不住笑,看到这剧情反转，蚌埠住了。,绷不住了（谐音），忍不住笑,hot_meme,MEME::蚌埠住了,train
hot-2037,看到大家给我的惊喜视频，我直接蚌埠住了。,蚌埠住了,正向,yes,literal,谐音类,绷不住了（谐音），忍不住笑,看到这剧情反转，蚌埠住了。,被感动到忍不住,hot_meme,MEME::蚌埠住了,train
hot-2038,蚌埠住了这个梗来自方言谐音。,蚌埠住了,中性,yes,literal,谐音类,绷不住了（谐音），忍不住笑,看到这剧情反转，蚌埠住了。,解释词源,hot_meme,MEME::蚌埠住了,train
hot-2039,一天遇到三次糟心事，我真的蚌埠住了。,蚌埠住了,负向,yes,literal,谐音类,绷不住了（谐音），忍不住笑,看到这剧情反转，蚌埠住了。,情绪崩溃,hot_meme,MEME::蚌埠住了,train
hot-204,程序猿的快乐很简单。,程序猿,中性,yes,literal,生活态度类,程序员,程序猿的快乐很简单。,程序员,hot_meme,MEME::程序猿,dev
hot-1097,主播刚开播，人就冲进来了。,开播,中性,yes,literal,直播主播类,开始直播,主播刚开播，人就冲进来了。,开始直播,hot_meme,MEME::开播,train
hot-1098,八点准时开播，不见不散。,开播,中性,yes,literal,直播主播类,开始直播,主播刚开播，人就冲进来了。,通知直播时间,hot_meme,MEME::开播,train
hot-212,这题的套路被他拿捏得死死的。,拿捏,中性,yes,literal,情绪状态类,掌控,这题的套路被他拿捏得死死的。,掌控,hot_meme,MEME::拿捏,test
hot-300,路过的路人表示这波很精彩。,路人,正向,yes,literal,弹幕文化类,旁观者,路过的路人表示这波很精彩。,旁观者,hot_meme,MEME::路人,train
hot-119,趁对面打龙，直接偷家。,偷家,中性,yes,literal,游戏类,偷袭对方基地,趁对面打龙，直接偷家。,偷袭对方基地,hot_meme,MEME::偷家,dev
hot-7,深夜刷到老照片，突然就emo了。,emo,负向,yes,literal,情绪状态类,情绪低落、伤感,深夜刷到老照片，突然就emo了。,情绪低落、伤感,hot_meme,MEME::emo,train
hot-8,别问了，我今天一整天都在emo。,emo,负向,yes,literal,情绪状态类,情绪低落、伤感,深夜刷到老照片，突然就emo了。,情绪低落、伤感,hot_meme,MEME::emo,train
hot-2004,深夜听朋友发来的语音，那点emo被安慰得烟消云散。,emo,正向,yes,literal,情绪状态类,情绪低落、伤感,深夜刷到老照片，突然就emo了。,情绪得到安抚,hot_meme,MEME::emo,train
hot-2005,今天有点emo，不过睡一觉应该就好了。,emo,中性,yes,literal,情绪状态类,情绪低落、伤感,深夜刷到老照片，突然就emo了。,轻微情绪低落,hot_meme,MEME::emo,train
hot-2006,工作出问题又和朋友吵架，我整个人都emo了。,emo,负向,yes,literal,情绪状态类,情绪低落、伤感,深夜刷到老照片，突然就emo了。,明显情绪低落,hot_meme,MEME::emo,train
hot-59,闺蜜劝我及时止损，人间清醒。,人间清醒,正向,yes,literal,情绪状态类,想得明白,闺蜜劝我及时止损，人间清醒。,想得明白,hot_meme,MEME::人间清醒,test
hot-76,考研随缘，佛系复习。,佛系,中性,yes,literal,生活态度类,随缘,考研随缘，佛系复习。,随缘,hot_meme,MEME::佛系,dev
hot-144,这家店的糖醋排骨谁懂啊，太好吃了。,谁懂啊,正向,yes,literal,弹幕文化类,求共鸣,这家店的糖醋排骨谁懂啊，太好吃了。,求共鸣,hot_meme,MEME::谁懂啊,test
hot-310,你这个臭唐氏,唐氏,中性,yes,literal,弹幕文化类,原先是唐氏综合症，现在是说别人傻傻的意思,你个臭唐氏,不一定，可能是真骂人，也可能没骂,hot_meme,MEME::唐氏,train
hot-56,陪伴十年的漫画完结了，爷青结。,爷青结,中性,yes,literal,饭圈娱乐类,青春结束了,陪伴十年的漫画完结了，爷青结。,青春结束了,hot_meme,MEME::爷青结,train
hot-170,这段发言手动狗头。,手动狗头,中性,yes,literal,弹幕文化类,表示开玩笑,这段发言手动狗头。,表示开玩笑,hot_meme,MEME::手动狗头,train
hot-159,这个瓜太大了，吃不下了。,大瓜,中性,yes,variant,弹幕文化类,大八卦,这个瓜太大了，吃不下了。,大八卦,hot_meme,MEME::大瓜,train
hot-262,这阵容是版本答案。,版本答案,正向,yes,literal,游戏类,最优解,这阵容是版本答案。,最优解,hot_meme,MEME::版本答案,test
hot-128,抽盲盒又抽到重复款。,盲盒,中性,yes,literal,二次元类,随机商品,抽盲盒又抽到重复款。,随机商品,hot_meme,MEME::盲盒,dev
hot-1039,河道剑魔那个名场面又被人剪出来了。,河道剑魔,中性,yes,literal,游戏类,英雄联盟经典团战名场面,河道剑魔那个名场面又被人剪出来了。,英雄联盟经典团战名场面,hot_meme,MEME::河道剑魔,train
hot-1040,提到河道剑魔，老观众一下就有画面了。,河道剑魔,中性,yes,literal,游戏类,英雄联盟经典团战名场面,河道剑魔那个名场面又被人剪出来了。,英雄联盟经典场面,hot_meme,MEME::河道剑魔,train
hot-161,猫咪视频就是流量密码。,流量密码,中性,yes,literal,弹幕文化类,吸引流量的法宝,猫咪视频就是流量密码。,吸引流量的法宝,hot_meme,MEME::流量密码,train
hot-1099,今天播到十一点就下播。,下播,中性,yes,literal,直播主播类,结束当天的直播,今天播到十一点就下播。,结束直播,hot_meme,MEME::下播,train
hot-1100,刚下播又来吃瓜，热搜真热闹。,下播,中性,yes,literal,直播主播类,结束当天的直播,今天播到十一点就下播。,结束直播,hot_meme,MEME::下播,train
hot-26,这个rapper的flow，泰裤辣！,泰裤辣,正向,yes,literal,谐音类,太酷啦（谐音）,这个rapper的flow，泰裤辣！,太酷啦（谐音）,hot_meme,MEME::泰裤辣,test
hot-1,今天这个视频的剪辑水平，yyds！,yyds,正向,yes,literal,缩写类,永远的神，形容非常厉害,今天这个视频的剪辑水平，yyds！,永远的神，形容非常厉害,hot_meme,MEME::yyds,train
hot-2,这家奶茶店的杨枝甘露yyds，每次路过必买。,yyds,正向,yes,literal,缩写类,永远的神，形容非常厉害,今天这个视频的剪辑水平，yyds！,永远的神，形容非常厉害,hot_meme,MEME::yyds,train
hot-2007,这波操作yyds，队友全在夸。,yyds,正向,yes,literal,缩写类,永远的神，形容非常厉害,今天这个视频的剪辑水平，yyds！,称赞精彩操作,hot_meme,MEME::yyds,train
hot-2008,yyds这个词最早是形容哪位选手的？,yyds,中性,yes,literal,缩写类,永远的神，形容非常厉害,今天这个视频的剪辑水平，yyds！,讨论词源,hot_meme,MEME::yyds,train
hot-2009,天天吹yyds，结果一到关键局就掉链子。,yyds,负向,yes,literal,缩写类,永远的神，形容非常厉害,今天这个视频的剪辑水平，yyds！,反讽吹捧,hot_meme,MEME::yyds,train
hot-87,与其内耗自己，不如发疯外耗别人。,发疯文学,中性,yes,variant,社会现象类,发泄式表达,与其内耗自己，不如发疯外耗别人。,发泄式表达,hot_meme,MEME::发疯文学,dev
hot-139,这评论区像水军刷的。,水军,负向,yes,literal,社会现象类,雇来刷评的人,这评论区像水军刷的。,雇来刷评的人,hot_meme,MEME::水军,test
hot-223,排队三小时结果没号了，离谱到家。,离谱到家,负向,yes,literal,情绪状态类,太离谱,排队三小时结果没号了，离谱到家。,太离谱,hot_meme,MEME::离谱到家,dev
hot-135,别理他，就是个键盘侠。,键盘侠,负向,yes,literal,社会现象类,网上指点江山的人,别理他，就是个键盘侠。,网上指点江山的人,hot_meme,MEME::键盘侠,train
hot-296,催更催更，下一集呢。,催更,中性,yes,literal,弹幕文化类,催促更新,催更催更，下一集呢。,催促更新,hot_meme,MEME::催更,train
hot-84,今天一身多巴胺穿搭，心情都亮了。,多巴胺穿搭,正向,yes,literal,社会现象类,鲜艳穿搭,今天一身多巴胺穿搭，心情都亮了。,鲜艳穿搭,hot_meme,MEME::多巴胺穿搭,train
hot-31,同样的东西买贵了一倍，我就是那个大冤种。,大冤种,负向,yes,literal,生活态度类,冤大头,同样的东西买贵了一倍，我就是那个大冤种。,冤大头,hot_meme,MEME::大冤种,train
hot-2034,没想到商家主动补发还送了礼物，我这次居然没成大冤种。,大冤种,正向,yes,literal,生活态度类,冤大头,同样的东西买贵了一倍，我就是那个大冤种。,避免吃亏后的庆幸,hot_meme,MEME::大冤种,train
hot-2035,大冤种这个词常用来调侃买东西吃亏的人。,大冤种,中性,yes,literal,生活态度类,冤大头,同样的东西买贵了一倍，我就是那个大冤种。,解释词义,hot_meme,MEME::大冤种,train
hot-2036,同样的东西我买贵了三百，纯纯大冤种。,大冤种,负向,yes,literal,生活态度类,冤大头,同样的东西买贵了一倍，我就是那个大冤种。,购物吃亏,hot_meme,MEME::大冤种,train
hot-109,队友太强，我躺赢了。,躺赢,正向,yes,literal,游戏类,不干活就赢,队友太强，我躺赢了。,不干活就赢,hot_meme,MEME::躺赢,test
hot-140,营销号又开始标题党了。,营销号,负向,yes,literal,社会现象类,博眼球的内容号,营销号又开始标题党了。,博眼球的内容号,hot_meme,MEME::营销号,dev
hot-1037,打野这波一穿四，直接终结比赛。,一穿四,正向,yes,literal,游戏类,一个选手连续击败四名对手,打野这波一穿四。,连续击败四名对手,hot_meme,MEME::一穿四,train
hot-1038,想一穿四太难了，对面不给机会。,一穿四,中性,yes,literal,游戏类,一个选手连续击败四名对手,打野这波一穿四。,高难度连续击杀,hot_meme,MEME::一穿四,train
hot-81,吃饭必配下饭视频，电子榨菜不能少。,电子榨菜,正向,yes,literal,社会现象类,下饭视频,吃饭必配下饭视频，电子榨菜不能少。,下饭视频,hot_meme,MEME::电子榨菜,test
hot-226,坏运气退退退。,退退退,正向,yes,literal,弹幕文化类,赶走不好的东西,坏运气退退退。,赶走不好的东西,hot_meme,MEME::退退退,dev
hot-250,这场景全是素材。,素材,中性,yes,literal,弹幕文化类,可剪辑的素材,这场景全是素材。,可剪辑的素材,hot_meme,MEME::素材,train
hot-243,出门忘带钥匙，寄了。,寄了,负向,yes,literal,情绪状态类,完了,出门忘带钥匙，寄了。,完了,hot_meme,MEME::寄了,train
hot-215,这句话直接上大分。,上大分,正向,yes,literal,弹幕文化类,加分表现,这句话直接上大分。,加分表现,hot_meme,MEME::上大分,train
hot-189,这个切片剪得真好笑。,切片,正向,yes,literal,二次元类,视频片段,这个切片剪得真好笑。,视频片段,hot_meme,MEME::切片,train
hot-266,这个皮肤手感丝滑。,手感,正向,yes,literal,游戏类,操作体验,这个皮肤手感丝滑。,操作体验,hot_meme,MEME::手感,train
hot-1111,这句日语被空耳成中文以后太搞笑了。,空耳,正向,yes,literal,二次元类,把外语歌词或台词听成发音相近的另一种语言,这句日语被空耳成中文以后太搞笑了。,谐音听写,hot_meme,MEME::空耳,train
hot-1112,别乱刷空耳，原意完全不是这个。,空耳,负向,yes,literal,二次元类,把外语歌词或台词听成发音相近的另一种语言,这句日语被空耳成中文以后太搞笑了。,提醒不要误解原台词,hot_meme,MEME::空耳,train
hot-2076,网友做的空耳太有才了，笑点一下拉满。,空耳,正向,yes,literal,二次元类,把外语歌词或台词听成发音相近的另一种语言,这句日语被空耳成中文以后太搞笑了。,有趣的语言巧合,hot_meme,MEME::空耳,train
hot-2077,空耳是把外语听成发音相近的另一种语言。,空耳,中性,yes,literal,二次元类,把外语歌词或台词听成发音相近的另一种语言,这句日语被空耳成中文以后太搞笑了。,解释词义,hot_meme,MEME::空耳,train
hot-2078,故意空耳带节奏，把原意完全曲解了。,空耳,负向,yes,literal,二次元类,把外语歌词或台词听成发音相近的另一种语言,这句日语被空耳成中文以后太搞笑了。,恶意曲解,hot_meme,MEME::空耳,train
hot-221,这波属实是离谱。,属实是,负向,yes,literal,弹幕文化类,确实,这波属实是离谱。,确实,hot_meme,MEME::属实是,dev
hot-171,他这话说得有点滑稽。,滑稽,中性,yes,literal,弹幕文化类,好笑,他这话说得有点滑稽。,好笑,hot_meme,MEME::滑稽,test
hot-96,考研上岸那天，命运的齿轮开始转动。,命运的齿轮,正向,yes,literal,社会现象类,命运转折点,考研上岸那天，命运的齿轮开始转动。,命运转折点,hot_meme,MEME::命运的齿轮,test
hot-216,好的感情都是双向奔赴。,双向奔赴,正向,yes,literal,情绪状态类,互相付出,好的感情都是双向奔赴。,互相付出,hot_meme,MEME::双向奔赴,dev
hot-149,这广告曲太洗脑了。,洗脑,中性,yes,literal,弹幕文化类,旋律难忘,这广告曲太洗脑了。,旋律难忘,hot_meme,MEME::洗脑,train
hot-260,被队友气到红温。,红温,负向,yes,literal,游戏类,生气上头,被队友气到红温。,生气上头,hot_meme,MEME::红温,train
hot-2028,比赛赢了以后他激动得红温，观众也被感染了。,红温,正向,yes,literal,游戏类,生气上头,被队友气到红温。,激动情绪,hot_meme,MEME::红温,train
hot-2029,弹幕说红温，其实是在形容情绪上来了。,红温,中性,yes,literal,游戏类,生气上头,被队友气到红温。,解释用法,hot_meme,MEME::红温,train
hot-2030,队友连续送人头，我看得直接红温。,红温,负向,yes,literal,游戏类,生气上头,被队友气到红温。,愤怒情绪,hot_meme,MEME::红温,train
hot-218,这对组合锁死了。,锁死,中性,yes,literal,饭圈娱乐类,绑定,这对组合锁死了。,绑定,hot_meme,MEME::锁死,dev
hot-261,期末周直接上强度。,上强度,中性,yes,literal,游戏类,加大难度,期末周直接上强度。,加大难度,hot_meme,MEME::上强度,test
hot-64,这道菜的摆盘，绝了。,绝了,正向,yes,literal,情绪状态类,太好了,这道菜的摆盘，绝了。,太好了,hot_meme,MEME::绝了,train
hot-178,男团新成员正式出道。,出道,中性,yes,literal,饭圈娱乐类,正式亮相,男团新成员正式出道。,正式亮相,hot_meme,MEME::出道,train
hot-303,48bin,48,负向,yes,literal,弹幕文化类,职业选手bin的梗，死爸,484848484848,对bin的恶俗梗,hot_meme,MEME::48,train
hot-116,这把状态超神，carry全场。,超神,正向,yes,literal,游戏类,状态爆表,这把状态超神，carry全场。,状态爆表,hot_meme,MEME::超神,train
hot-245,差不多得了，别杠了。,差不多得了,中性,yes,literal,弹幕文化类,适可而止,差不多得了，别杠了。,适可而止,hot_meme,MEME::差不多得了,dev
hot-32,集美们，这个色号真的显白。,集美,正向,yes,literal,谐音类,姐妹（谐音）,集美们，这个色号真的显白。,姐妹（谐音）,hot_meme,MEME::集美,test
hot-253,这游戏太肝了，肝不动。,肝,负向,yes,literal,游戏类,费时间,这游戏太肝了，肝不动。,费时间,hot_meme,MEME::肝,train
hot-57,凌晨一点还在网抑云，明天还要上班。,网抑云,负向,yes,literal,情绪状态类,深夜伤感,凌晨一点还在网抑云，明天还要上班。,深夜伤感,hot_meme,MEME::网抑云,train
hot-268,这队友是演员吧。,演员,负向,yes,literal,游戏类,故意演砸,这队友是演员吧。,故意演砸,hot_meme,MEME::演员,train
hot-222,这个价格离大谱。,离大谱,负向,yes,literal,情绪状态类,离谱,这个价格离大谱。,离谱,hot_meme,MEME::离大谱,train
hot-301,你的胆子真是肥嘟嘟的，发给你的视频竟然不看,你的胆子真是肥嘟嘟的,中性,yes,literal,弹幕文化类,美团衍生梗，一种调侃,你的胆子真是肥嘟嘟的,玩梗,hot_meme,MEME::你的胆子真是肥嘟嘟的,train
hot-127,她背的痛包挂满了吧唧。,痛包,中性,yes,literal,二次元类,挂满周边的包,她背的痛包挂满了吧唧。,挂满周边的包,hot_meme,MEME::痛包,dev
hot-75,图书馆十点还坐满人，太内卷了。,内卷,负向,yes,literal,社会现象类,恶性竞争,图书馆十点还坐满人，太内卷了。,恶性竞争,hot_meme,MEME::内卷,test
hot-207,写代码写到秃头。,秃头,中性,yes,literal,生活态度类,程序员脱发梗,写代码写到秃头。,程序员脱发梗,hot_meme,MEME::秃头,train
hot-304,马头nb,马头,正向,yes,literal,弹幕文化类,theshy的黑称呼,马头nb,theshy的梗,hot_meme,MEME::马头,train
hot-113,连输五把，掉分掉麻了。,掉分,负向,yes,literal,游戏类,排位下降,连输五把，掉分掉麻了。,排位下降,hot_meme,MEME::掉分,train
hot-299,关注了，蹲更新。,关注,中性,yes,literal,弹幕文化类,订阅,关注了，蹲更新。,订阅,hot_meme,MEME::关注,train
hot-288,这个回答我直接赞了。,赞,正向,yes,literal,弹幕文化类,点赞,这个回答我直接赞了。,点赞,hot_meme,MEME::赞,train
hot-1049,下课之后开瓦，先来两局。,开瓦,中性,yes,literal,游戏类,开始玩瓦洛兰特,下课之后开瓦，先来两局。,开始玩瓦洛兰特,hot_meme,MEME::开瓦,train
hot-1050,兄弟们都开瓦了，就等我一个。,开瓦,正向,yes,literal,游戏类,开始玩瓦洛兰特,下课之后开瓦，先来两局。,准备一起玩瓦洛兰特,hot_meme,MEME::开瓦,train
hot-2052,好友终于上线，我们开瓦连赢了好几局。,开瓦,正向,yes,literal,游戏类,开始玩瓦洛兰特,下课之后开瓦，先来两局。,愉快游戏体验,hot_meme,MEME::开瓦,train
hot-2053,今晚有空的话一起开瓦。,开瓦,中性,yes,literal,游戏类,开始玩瓦洛兰特,下课之后开瓦，先来两局。,普通邀约,hot_meme,MEME::开瓦,train
hot-2054,本来想开瓦放松，结果排到挂机队友更烦了。,开瓦,负向,yes,literal,游戏类,开始玩瓦洛兰特,下课之后开瓦，先来两局。,游戏体验变差,hot_meme,MEME::开瓦,train
hot-1103,这个教程太实用了，必须一键三连。,一键三连,正向,yes,literal,弹幕文化类,同时点赞、投币和收藏，也用于请求支持,这个教程太实用了，必须一键三连。,点赞投币收藏,hot_meme,MEME::一键三连,test
hot-1104,记得一键三连，支持一下up主。,一键三连,中性,yes,literal,弹幕文化类,同时点赞、投币和收藏，也用于请求支持,这个教程太实用了，必须一键三连。,请求观众支持,hot_meme,MEME::一键三连,test
hot-312,咕咕嘎嘎！！！,咕咕嘎嘎,正向,yes,literal,弹幕文化类,一个语气词,咕咕嘎嘎！,臭企鹅的叫,hot_meme,MEME::咕咕嘎嘎,dev
hot-289,转发给朋友看看。,转,中性,yes,literal,弹幕文化类,转发,转发给朋友看看。,转发,hot_meme,MEME::转,dev
hot-1075,大狙一枪秒，节奏一下就起来了。,一枪秒,正向,yes,literal,游戏类,一枪完成击倒或击杀,大狙一枪秒，节奏一下就起来了。,一枪完成击杀,hot_meme,MEME::一枪秒,train
hot-1076,对面一枪秒我，连反应时间都没有。,一枪秒,负向,yes,literal,游戏类,一枪完成击倒或击杀,大狙一枪秒，节奏一下就起来了。,被瞬间击倒,hot_meme,MEME::一枪秒,train
hot-77,在电梯里把老板认成同事，社死了。,社死,负向,yes,literal,社会现象类,社会性死亡,在电梯里把老板认成同事，社死了。,社会性死亡,hot_meme,MEME::社死,train
hot-236,这评论味儿太冲。,味儿太冲,中性,yes,literal,弹幕文化类,风格浓烈,这评论味儿太冲。,风格浓烈,hot_meme,MEME::味儿太冲,train
hot-1101,弹幕一直催主播上才艺。,上才艺,中性,yes,literal,直播主播类,开始展示唱歌、舞蹈或其他技能,弹幕一直催主播上才艺。,请求主播展示技能,hot_meme,MEME::上才艺,train
hot-1102,礼物到位，主播立刻上才艺。,上才艺,正向,yes,literal,直播主播类,开始展示唱歌、舞蹈或其他技能,弹幕一直催主播上才艺。,开始表演,hot_meme,MEME::上才艺,train
hot-98,上班摸鱼刷完了整部剧。,摸鱼,中性,yes,literal,生活态度类,偷懒,上班摸鱼刷完了整部剧。,偷懒,hot_meme,MEME::摸鱼,dev
hot-118,别恋战，赶紧推塔。,推塔,中性,yes,literal,游戏类,攻击防御塔,别恋战，赶紧推塔。,攻击防御塔,hot_meme,MEME::推塔,test
hot-239,这剧情走向，难蚌。,难蚌,中性,yes,literal,情绪状态类,难以绷住,这剧情走向，难蚌。,难以绷住,hot_meme,MEME::难蚌,train
hot-29,这个大爷太极打得真结棍。,结棍,正向,yes,literal,谐音类,厉害（方言）,这个大爷太极打得真结棍。,厉害（方言）,hot_meme,MEME::结棍,train
hot-176,他目前就是顶流。,顶流,中性,yes,literal,饭圈娱乐类,顶级流量,他目前就是顶流。,顶级流量,hot_meme,MEME::顶流,train
hot-142,震惊体标题看得我血压升高。,震惊体,负向,yes,literal,社会现象类,夸张震惊式标题,震惊体标题看得我血压升高。,夸张震惊式标题,hot_meme,MEME::震惊体,dev
hot-155,蹲一个后续，吃瓜中。,吃瓜,中性,yes,literal,弹幕文化类,围观八卦,蹲一个后续，吃瓜中。,围观八卦,hot_meme,MEME::吃瓜,test
hot-286,冲就完事了。,冲,正向,yes,literal,弹幕文化类,干就完了,冲就完事了。,干就完了,hot_meme,MEME::冲,train
hot-287,这个帖子顶起来。,顶,中性,yes,literal,弹幕文化类,支持置顶,这个帖子顶起来。,支持置顶,hot_meme,MEME::顶,train
hot-294,马了再看。,马,中性,yes,literal,弹幕文化类,收藏（谐音）,马了再看。,收藏（谐音）,hot_meme,MEME::马,train
hot-124,快乐肥宅的一天。,肥宅,中性,yes,literal,二次元类,宅且爱吃喝,快乐肥宅的一天。,宅且爱吃喝,hot_meme,MEME::肥宅,train
hot-137,弹幕里全是喷子，关掉清净。,喷子,负向,yes,literal,社会现象类,乱骂人的人,弹幕里全是喷子，关掉清净。,乱骂人的人,hot_meme,MEME::喷子,train
hot-265,求策划削弱一下。,削弱,中性,yes,literal,游戏类,调弱,求策划削弱一下。,调弱,hot_meme,MEME::削弱,dev
hot-11,这手速，真的是666。,666,正向,yes,literal,缩写类,厉害、很棒,这手速，真的是666。,厉害、很棒,hot_meme,MEME::666,train
hot-12,老师这波讲解，666。,666,正向,yes,literal,缩写类,厉害、很棒,这手速，真的是666。,厉害、很棒,hot_meme,MEME::666,train
hot-201,考试时大脑宕机，啥也想不起来。,大脑宕机,负向,yes,literal,情绪状态类,卡壳,考试时大脑宕机，啥也想不起来。,卡壳,hot_meme,MEME::大脑宕机,test
hot-1051,晚上打瓦吗，缺一个。,打瓦,中性,yes,literal,游戏类,玩瓦洛兰特,晚上打瓦吗，缺一个。,邀请玩瓦洛兰特,hot_meme,MEME::打瓦,train
hot-1052,打瓦打到凌晨，枪感总算回来了。,打瓦,正向,yes,literal,游戏类,玩瓦洛兰特,晚上打瓦吗，缺一个。,玩瓦洛兰特,hot_meme,MEME::打瓦,train
hot-191,这篇同人文写得真细腻。,同人,正向,yes,literal,二次元类,粉丝创作,这篇同人文写得真细腻。,粉丝创作,hot_meme,MEME::同人,test
hot-148,这段对白，经典永流传。,经典永流传,正向,yes,literal,弹幕文化类,经典,这段对白，经典永流传。,经典,hot_meme,MEME::经典永流传,train
hot-164,这个话题直接爆了。,爆了,中性,yes,literal,弹幕文化类,热度爆表,这个话题直接爆了。,热度爆表,hot_meme,MEME::爆了,dev
hot-138,黑子退散，别来引战。,黑子,负向,yes,literal,社会现象类,恶意抹黑的人,黑子退散，别来引战。,恶意抹黑的人,hot_meme,MEME::黑子,train
hot-1071,没道具还干拉，纯送人头。,干拉,负向,yes,literal,游戏类,不使用技能或道具直接拉出对枪,没道具还干拉，纯送人头。,不使用道具直接对枪,hot_meme,MEME::干拉,train
hot-1072,干拉打赢了，只能说枪法在线。,干拉,正向,yes,literal,游戏类,不使用技能或道具直接拉出对枪,没道具还干拉，纯送人头。,直接拉出对枪成功,hot_meme,MEME::干拉,train
hot-53,这波操作太败好感，我脱粉了。,脱粉,负向,yes,literal,饭圈娱乐类,不再喜欢,这波操作太败好感，我脱粉了。,不再喜欢,hot_meme,MEME::脱粉,train
hot-230,前方高能，弹幕护体。,弹幕护体,中性,yes,literal,弹幕文化类,弹幕保护,前方高能，弹幕护体。,弹幕保护,hot_meme,MEME::弹幕护体,dev
hot-117,一波团灭，被对面反推。,团灭,负向,yes,literal,游戏类,全队阵亡,一波团灭，被对面反推。,全队阵亡,hot_meme,MEME::团灭,test
hot-305,马头nb,nb,正向,yes,literal,缩写类,牛逼。表示赞叹,马头nb,theshy的梗,hot_meme,MEME::nb,train
hot-69,室友半夜打游戏外放，我真的栓Q。,我真的栓Q,负向,yes,literal,情绪状态类,无语感谢（反讽）,室友半夜打游戏外放，我真的栓Q。,无语感谢（反讽）,hot_meme,MEME::我真的栓Q,train
hot-61,这个现场版，直接封神。,封神,正向,yes,literal,弹幕文化类,表现极佳,这个现场版，直接封神。,表现极佳,hot_meme,MEME::封神,train
hot-85,她总能提供情绪价值，聊天很治愈。,情绪价值,正向,yes,literal,社会现象类,情绪上的支持,她总能提供情绪价值，聊天很治愈。,情绪上的支持,hot_meme,MEME::情绪价值,train
hot-65,这个妆容，绝绝子。,绝绝子,正向,yes,literal,情绪状态类,太绝了,这个妆容，绝绝子。,太绝了,hot_meme,MEME::绝绝子,train
hot-39,期末成绩出来那一刻，破大防。,破大防,负向,yes,literal,情绪状态类,破防的加强版,期末成绩出来那一刻，破大防。,破防的加强版,hot_meme,MEME::破大防,test
hot-273,这操作细节满分。,细节,正向,yes,literal,游戏类,细微操作,这操作细节满分。,细微操作,hot_meme,MEME::细节,dev
hot-158,最近瓜田大丰收。,瓜田,中性,yes,literal,弹幕文化类,八卦很多,最近瓜田大丰收。,八卦很多,hot_meme,MEME::瓜田,train
hot-1005,兄弟们上号，今晚冲一波。,上号,正向,yes,literal,游戏类,登录游戏准备开一局,兄弟们上号，今晚冲一波。,登录游戏准备开一局,hot_meme,MEME::上号,train
hot-1006,吃完饭就上号，先别催。,上号,中性,yes,literal,游戏类,登录游戏准备开一局,兄弟们上号，今晚冲一波。,登录游戏准备开一局,hot_meme,MEME::上号,train
hot-210,这个设计一整个爱住。,一整个爱住,正向,yes,literal,情绪状态类,非常喜欢,这个设计一整个爱住。,非常喜欢,hot_meme,MEME::一整个爱住,train
hot-258,吃满保底才出。,保底,负向,yes,literal,游戏类,保底机制,吃满保底才出。,保底机制,hot_meme,MEME::保底,train
hot-174,这部纪录片破圈了，好多不看纪录片的人也在追。,破圈,正向,yes,literal,社会现象类,火出原有圈子,这部纪录片破圈了。,火出原有圈子,hot_meme,MEME::破圈,test
hot-295,收藏夹吃灰系列。,收藏,中性,yes,literal,弹幕文化类,收藏不看,收藏夹吃灰系列。,收藏不看,hot_meme,MEME::收藏,dev
hot-267,队里出了内鬼。,内鬼,负向,yes,literal,游戏类,内部叛徒,队里出了内鬼。,内部叛徒,hot_meme,MEME::内鬼,train
hot-195,这出手就是富婆。,富婆,中性,yes,literal,生活态度类,有钱女性,这出手就是富婆。,有钱女性,hot_meme,MEME::富婆,train
hot-1073,中路掉点以后，整张图都难打了。,掉点,负向,yes,literal,游戏类,关键位置或队友阵亡导致防线出现空缺,中路掉点以后，整张图都难打了。,关键位置失守,hot_meme,MEME::掉点,train
hot-1074,先别掉点，等队友一起进。,掉点,负向,yes,literal,游戏类,关键位置或队友阵亡导致防线出现空缺,中路掉点以后，整张图都难打了。,提醒避免人员阵亡,hot_meme,MEME::掉点,train
hot-19,室友把我外卖吃了，我真的栓Q。,栓Q,负向,yes,literal,谐音类,谢谢（谐音thank you，可表反讽）,室友把我外卖吃了，我真的栓Q。,谢谢（反讽用法）,hot_meme,MEME::栓Q,train
hot-20,好心人帮我捡起掉落的校园卡，栓Q了。,栓Q,正向,yes,literal,谐音类,谢谢（谐音thank you，可表反讽）,室友把我外卖吃了，我真的栓Q。,谢谢（谐音thank you）,hot_meme,MEME::栓Q,train
hot-2010,同学主动帮我带晚饭，真的栓Q了。,栓Q,正向,yes,literal,谐音类,谢谢（谐音thank you，可表反讽）,室友把我外卖吃了，我真的栓Q。,真诚感谢,hot_meme,MEME::栓Q,train
hot-2011,别人说栓Q的时候，有时并不是真的在感谢。,栓Q,中性,yes,literal,谐音类,谢谢（谐音thank you，可表反讽）,室友把我外卖吃了，我真的栓Q。,解释用法,hot_meme,MEME::栓Q,train
hot-2012,外卖晚了一小时还送错，我真的栓Q。,栓Q,负向,yes,literal,谐音类,谢谢（谐音thank you，可表反讽）,室友把我外卖吃了，我真的栓Q。,反讽表达不满,hot_meme,MEME::栓Q,train
hot-157,前排吃瓜，坐等反转。,前排吃瓜,中性,yes,literal,弹幕文化类,抢先围观,前排吃瓜，坐等反转。,抢先围观,hot_meme,MEME::前排吃瓜,dev
hot-284,周末摆一天，舒服。,摆,正向,yes,literal,生活态度类,放松,周末摆一天，舒服。,放松,hot_meme,MEME::摆,test
hot-33,熬夜刷剧，达咩达咩。,达咩,中性,yes,literal,谐音类,不行、不要（日语谐音）,熬夜刷剧，达咩达咩。,不行、不要（日语谐音）,hot_meme,MEME::达咩,dev
hot-252,手残党玩不了这游戏。,手残,中性,yes,literal,游戏类,操作差,手残党玩不了这游戏。,操作差,hot_meme,MEME::手残,test
hot-156,我是路过的吃瓜群众。,吃瓜群众,中性,yes,literal,弹幕文化类,围观者,我是路过的吃瓜群众。,围观者,hot_meme,MEME::吃瓜群众,train
hot-102,主打一个该省省该花花。,主打一个,中性,yes,literal,社会现象类,主要就是,主打一个该省省该花花。,主要就是,hot_meme,MEME::主打一个,train
hot-1119,漫展门口停了一辆特别精致的痛车。,痛车,正向,yes,literal,二次元类,贴满动漫角色或作品装饰的车辆,漫展门口停了一辆特别精致的痛车。,动漫主题装饰车辆,hot_meme,MEME::痛车,train
hot-1120,他给自己的车贴成了二次元痛车。,痛车,中性,yes,literal,二次元类,贴满动漫角色或作品装饰的车辆,漫展门口停了一辆特别精致的痛车。,二次元主题车辆,hot_meme,MEME::痛车,train
hot-2079,这辆痛车配色和图案都特别精致，现场很多人拍照。,痛车,正向,yes,literal,二次元类,贴满动漫角色或作品装饰的车辆,漫展门口停了一辆特别精致的痛车。,称赞痛车设计,hot_meme,MEME::痛车,train
hot-2080,漫展外停了几辆不同风格的痛车。,痛车,中性,yes,literal,二次元类,贴满动漫角色或作品装饰的车辆,漫展门口停了一辆特别精致的痛车。,描述现场,hot_meme,MEME::痛车,train
hot-2081,车辆贴得太花影响驾驶视线，这种痛车并不安全。,痛车,负向,yes,literal,二次元类,贴满动漫角色或作品装饰的车辆,漫展门口停了一辆特别精致的痛车。,批评安全隐患,hot_meme,MEME::痛车,train
hot-255,他是真肝帝，满级了。,肝帝,中性,yes,literal,游戏类,肝游戏达人,他是真肝帝，满级了。,肝游戏达人,hot_meme,MEME::肝帝,dev
hot-72,周一早上起不来床的样子，是谁在演我。,是谁在演我,中性,yes,literal,弹幕文化类,像在演我,周一早上起不来床的样子，是谁在演我。,像在演我,hot_meme,MEME::是谁在演我,test
hot-1019,这波绕后开团天秀，直接把对面打散了。,天秀,正向,yes,literal,游戏类,操作非常精彩,这波绕后开团天秀。,操作非常精彩,hot_meme,MEME::天秀,train
hot-1020,残血反杀三个，太天秀了。,天秀,正向,yes,literal,游戏类,操作非常精彩,这波绕后开团天秀。,精彩操作,hot_meme,MEME::天秀,train
hot-2088,残血反杀三人，这波操作太天秀了。,天秀,正向,yes,literal,游戏类,操作非常精彩,这波绕后开团天秀。,称赞精彩操作,hot_meme,MEME::天秀,train
hot-2089,天秀常用来夸赞精彩操作。,天秀,中性,yes,literal,游戏类,操作非常精彩,这波绕后开团天秀。,解释用法,hot_meme,MEME::天秀,train
hot-2090,只顾着追求天秀，结果把团队节奏全打乱了。,天秀,负向,yes,literal,游戏类,操作非常精彩,这波绕后开团天秀。,为炫技破坏团队配合,hot_meme,MEME::天秀,train
hot-240,听到这个方案，流汗黄豆。,流汗黄豆,中性,yes,literal,弹幕文化类,无语表情,听到这个方案，流汗黄豆。,无语表情,hot_meme,MEME::流汗黄豆,dev
hot-121,周末漫展，二次元浓度拉满。,二次元,正向,yes,literal,二次元类,ACGN文化,周末漫展，二次元浓度拉满。,ACGN文化,hot_meme,MEME::二次元,test
hot-242,说两句就急了？,急了,中性,yes,literal,弹幕文化类,着急了,说两句就急了？,着急了,hot_meme,MEME::急了,train
hot-1093,今晚抽三位观众连麦聊天。,连麦,中性,yes,literal,直播主播类,主播与观众或嘉宾实时语音互动,今晚抽三位观众连麦聊天。,与观众实时语音互动,hot_meme,MEME::连麦,train
hot-1094,连麦一开，节目效果立刻有了。,连麦,正向,yes,literal,直播主播类,主播与观众或嘉宾实时语音互动,今晚抽三位观众连麦聊天。,直播语音互动,hot_meme,MEME::连麦,train
hot-224,决赛就这水平？,就这,负向,yes,literal,弹幕文化类,就这点本事,决赛就这水平？,就这点本事,hot_meme,MEME::就这,train
hot-225,期待了半天，就这？,就这,负向,yes,literal,弹幕文化类,就这点本事,决赛就这水平？,就这点内容,hot_meme,MEME::就这,train
hot-166,看完这个科普，涨知识了。,涨知识,正向,yes,literal,弹幕文化类,学到知识,看完这个科普，涨知识了。,学到知识,hot_meme,MEME::涨知识,test
hot-175,这首方言rap彻底出圈。,出圈,正向,yes,literal,社会现象类,火到圈外,这首方言rap彻底出圈。,火到圈外,hot_meme,MEME::出圈,dev
hot-70,看到志愿者冒雨送物资，我哭死。,我哭死,正向,yes,literal,情绪状态类,非常感动,看到志愿者冒雨送物资，我哭死。,非常感动,hot_meme,MEME::我哭死,train
hot-264,这个新英雄超标了。,超标,负向,yes,literal,游戏类,过强,这个新英雄超标了。,过强,hot_meme,MEME::超标,train
hot-25,期末周三门考试挤在一起，鸭梨山大。,鸭梨山大,负向,yes,literal,谐音类,压力山大（谐音）,期末周三门考试挤在一起，鸭梨山大。,压力山大（谐音）,hot_meme,MEME::鸭梨山大,test
hot-14,看到这个表情包23333。,2333,正向,yes,literal,缩写类,大笑,看到这个表情包23333。,大笑,hot_meme,MEME::2333,dev
hot-1025,这波团战输了，我的问题。,我的问题,负向,yes,literal,游戏类,主动背锅或承认失误,这波团战输了，我的问题。,主动背锅,hot_meme,MEME::我的问题,train
hot-1026,没插眼被抓，我的问题，下一波注意。,我的问题,负向,yes,literal,游戏类,主动背锅或承认失误,这波团战输了，我的问题。,承认失误,hot_meme,MEME::我的问题,train
hot-2064,队友主动说我的问题，大家反而更有动力继续打。,我的问题,正向,yes,literal,游戏类,主动背锅或承认失误,这波团战输了，我的问题。,主动承担责任,hot_meme,MEME::我的问题,train
hot-2065,复盘时他先说了我的问题。,我的问题,中性,yes,literal,游戏类,主动背锅或承认失误,这波团战输了，我的问题。,复盘发言,hot_meme,MEME::我的问题,train
hot-2066,每次输了都说我的问题，却从来不改正。,我的问题,负向,yes,literal,游戏类,主动背锅或承认失误,这波团战输了，我的问题。,只认错不改正,hot_meme,MEME::我的问题,train
hot-83,周末一起健身，我的健身搭子。,搭子,正向,yes,literal,社会现象类,伙伴,周末一起健身，我的健身搭子。,伙伴,hot_meme,MEME::搭子,test
hot-248,这位UP主又整活了。,整活,中性,yes,literal,弹幕文化类,搞事情,这位UP主又整活了。,搞事情,hot_meme,MEME::整活,train
hot-2043,主播这一期整活特别精彩，观众从头笑到尾。,整活,正向,yes,literal,弹幕文化类,搞事情,这位UP主又整活了。,节目效果好,hot_meme,MEME::整活,train
hot-2044,今晚直播准备整活，欢迎大家来看。,整活,中性,yes,literal,弹幕文化类,搞事情,这位UP主又整活了。,预告节目,hot_meme,MEME::整活,train
hot-2045,关键时刻还整活，结果把正事搞砸了。,整活,负向,yes,literal,弹幕文化类,搞事情,这位UP主又整活了。,因玩闹误事,hot_meme,MEME::整活,train
hot-280,一波收割，比赛结束。,收割,正向,yes,literal,游戏类,收尾取胜,一波收割，比赛结束。,收尾取胜,hot_meme,MEME::收割,dev
hot-34,明天面试，给自己打个气，奥利给！,奥利给,正向,yes,literal,谐音类,加油,明天面试，给自己打个气，奥利给！,加油,hot_meme,MEME::奥利给,train
hot-259,单抽出奇迹。,单抽,正向,yes,literal,游戏类,单次抽卡,单抽出奇迹。,单次抽卡,hot_meme,MEME::单抽,test
hot-141,点进去发现是标题党，浪费时间。,标题党,负向,yes,literal,社会现象类,夸张标题,点进去发现是标题党，浪费时间。,夸张标题,hot_meme,MEME::标题党,dev
hot-122,朋友约我爬山，突然现充。,现充,中性,yes,literal,二次元类,现实生活充实,朋友约我爬山，突然现充。,现实生活充实,hot_meme,MEME::现充,train
hot-233,在写了在写了，马上更新。,在写了,中性,yes,literal,弹幕文化类,催更回应,在写了在写了，马上更新。,催更回应,hot_meme,MEME::在写了,train
hot-1011,这英雄纯数值怪，站撸都没对手。,数值怪,负向,yes,literal,游戏类,依靠高数值而非操作取胜的英雄,新版本数值怪太多了。,依靠高数值取胜,hot_meme,MEME::数值怪,train
hot-1012,新版本数值怪太多了，操作空间都没了。,数值怪,负向,yes,literal,游戏类,依靠高数值而非操作取胜的英雄,新版本数值怪太多了。,抱怨英雄数值过高,hot_meme,MEME::数值怪,train
hot-147,这个名场面我回看了十遍。,名场面,正向,yes,literal,弹幕文化类,经典场面,这个名场面我回看了十遍。,经典场面,hot_meme,MEME::名场面,test
hot-44,室友的方言普通话，笑死我了。,笑死,正向,yes,literal,情绪状态类,太好笑了,室友的方言普通话，笑死我了。,太好笑了,hot_meme,MEME::笑死,dev
hot-283,又卷起来了。,卷,负向,yes,literal,社会现象类,内卷,又卷起来了。,内卷,hot_meme,MEME::卷,train
hot-232,别催了，在写了。,别催了,中性,yes,literal,弹幕文化类,催更回应,别催了，在写了。,催更回应,hot_meme,MEME::别催了,train
hot-1079,家人们，今晚八点准时开播。,家人们,中性,yes,literal,直播主播类,主播对观众群体的亲切称呼,家人们，今晚八点准时开播。,主播对观众群体的称呼,hot_meme,MEME::家人们,train
hot-1080,家人们谁懂啊，这操作真的绝了。,家人们,正向,yes,literal,直播主播类,主播对观众群体的亲切称呼,家人们，今晚八点准时开播。,直播间互动称呼,hot_meme,MEME::家人们,train
hot-2082,家人们一起帮我完成了挑战，真的很感动。,家人们,正向,yes,literal,直播主播类,主播对观众群体的亲切称呼,家人们，今晚八点准时开播。,感受到群体支持,hot_meme,MEME::家人们,train
hot-2083,家人们今晚八点开播，时间没有变化。,家人们,中性,yes,literal,直播主播类,主播对观众群体的亲切称呼,家人们，今晚八点准时开播。,通知直播时间,hot_meme,MEME::家人们,train
hot-2084,家人们别再刷屏了，已经影响正常观看。,家人们,负向,yes,literal,直播主播类,主播对观众群体的亲切称呼,家人们，今晚八点准时开播。,劝阻刷屏,hot_meme,MEME::家人们,train
hot-80,干饭人干饭魂，干饭都是人上人。,干饭人,正向,yes,literal,生活态度类,爱吃饭的人,干饭人干饭魂，干饭都是人上人。,爱吃饭的人,hot_meme,MEME::干饭人,test
hot-219,这组照片神仙颜值。,神仙颜值,正向,yes,literal,饭圈娱乐类,颜值极高,这组照片神仙颜值。,颜值极高,hot_meme,MEME::神仙颜值,dev
hot-1029,这都能反向Q，你自己看回放吧。,反向Q,负向,yes,literal,游戏类,技能方向放反导致失误,这都能反向Q，你自己看回放吧。,技能方向放反,hot_meme,MEME::反向Q,train
hot-1030,一个反向Q把到手的击杀送没了。,反向Q,负向,yes,literal,游戏类,技能方向放反导致失误,这都能反向Q，你自己看回放吧。,关键技能失误,hot_meme,MEME::反向Q,train
hot-1065,大狙架住中路，对面根本过不来。,大狙,正向,yes,literal,游戏类,狙击步枪，也可泛指狙击打法,大狙架住中路，对面根本过不来。,狙击枪压制,hot_meme,MEME::大狙,train
hot-1066,我不会大狙，还是老老实实步枪。,大狙,中性,yes,literal,游戏类,狙击步枪，也可泛指狙击打法,大狙架住中路，对面根本过不来。,狙击枪,hot_meme,MEME::大狙,train
hot-1055,这波压枪很稳，弹道一点没飘。,压枪,正向,yes,literal,游戏类,控制连续射击时的枪口抬升,这波压枪很稳。,控制枪口抬升,hot_meme,MEME::压枪,train
hot-1056,压枪没压住，子弹全飞了。,压枪,负向,yes,literal,游戏类,控制连续射击时的枪口抬升,这波压枪很稳。,射击控制失误,hot_meme,MEME::压枪,train
hot-1063,这回合直接打出ACE，太强了。,ACE,正向,yes,literal,游戏类,单回合击败全部对手,这回合直接打出ACE。,单回合击败全部对手,hot_meme,MEME::ACE,test
hot-1064,差一个人头就ACE，有点可惜。,ACE,中性,yes,literal,游戏类,单回合击败全部对手,这回合直接打出ACE。,接近单回合全灭,hot_meme,MEME::ACE,test
hot-58,被生活毒打一天，人间不值得。,人间不值得,负向,yes,literal,情绪状态类,消极调侃,被生活毒打一天，人间不值得。,消极调侃,hot_meme,MEME::人间不值得,dev
hot-184,这波洛阳铲挖得深。,洛阳铲,中性,yes,literal,弹幕文化类,翻旧帖的工具,这波洛阳铲挖得深。,翻旧帖的工具,hot_meme,MEME::洛阳铲,train
hot-198,看到老师点名，瑟瑟发抖。,瑟瑟发抖,负向,yes,literal,情绪状态类,害怕,看到老师点名，瑟瑟发抖。,害怕,hot_meme,MEME::瑟瑟发抖,dev
hot-43,这只狗的表情，真的笑不活了。,笑不活了,正向,yes,literal,情绪状态类,太好笑了,这只狗的表情，真的笑不活了。,太好笑了,hot_meme,MEME::笑不活了,train
hot-269,别甩锅了，正视问题。,甩锅,负向,yes,literal,游戏类,推卸责任,别甩锅了，正视问题。,推卸责任,hot_meme,MEME::甩锅,train
hot-234,这家店踩雷了，快跑。,快跑,负向,yes,literal,弹幕文化类,赶紧避开,这家店踩雷了，快跑。,赶紧避开,hot_meme,MEME::快跑,train
hot-1105,这次先白嫖，下次一定一键三连。,下次一定,中性,yes,literal,弹幕文化类,玩笑式答应支持但暂时不做,这次先白嫖，下次一定一键三连。,玩笑式答应支持,hot_meme,MEME::下次一定,train
hot-1106,每次都说下次一定，结果还是忘了。,下次一定,中性,yes,literal,弹幕文化类,玩笑式答应支持但暂时不做,这次先白嫖，下次一定一键三连。,调侃没有兑现支持,hot_meme,MEME::下次一定,train
hot-247,好活，当赏。,好活,正向,yes,literal,弹幕文化类,干得漂亮,好活，当赏。,干得漂亮,hot_meme,MEME::好活,test
hot-133,这波营销又是割韭菜。,割韭菜,负向,yes,literal,社会现象类,收割用户,这波营销又是割韭菜。,收割用户,hot_meme,MEME::割韭菜,dev
hot-160,顺着评论顺藤摸瓜，找到了原帖。,顺藤摸瓜,中性,yes,literal,弹幕文化类,顺着线索找,顺着评论顺藤摸瓜，找到了原帖。,顺着线索找,hot_meme,MEME::顺藤摸瓜,train
hot-177,毕业照她站C位。,C位,中性,yes,literal,饭圈娱乐类,中心位置,毕业照她站C位。,中心位置,hot_meme,MEME::C位,train
hot-136,评论区全是杠精。,杠精,负向,yes,literal,社会现象类,爱抬杠的人,评论区全是杠精。,爱抬杠的人,hot_meme,MEME::杠精,train
hot-1077,这队控图做得很好，慢慢把优势滚起来了。,控图,正向,yes,literal,游戏类,通过站位和信息控制地图区域,这队控图做得很好。,控制地图区域,hot_meme,MEME::控图,train
hot-1078,不会控图只会冲，后面就很难打。,控图,负向,yes,literal,游戏类,通过站位和信息控制地图区域,这队控图做得很好。,缺少地图控制,hot_meme,MEME::控图,train
hot-200,这道题想了一晚上，CPU烧了。,CPU烧了,负向,yes,literal,情绪状态类,想不明白,这道题想了一晚上，CPU烧了。,想不明白,hot_meme,MEME::CPU烧了,dev
hot-199,这家店的烤鸭，北京天花板。,天花板,正向,yes,literal,弹幕文化类,顶尖,这家店的烤鸭，北京天花板。,顶尖,hot_meme,MEME::天花板,test
hot-1115,周末准备把这部长番补完。,补番,中性,yes,variant,二次元类,集中观看已经播出的动画,周末准备把这部长番补完。,集中观看已播动画,hot_meme,MEME::补番,train
hot-1116,现在才开始补番，剧情已经被剧透完了。,补番,负向,yes,literal,二次元类,集中观看已经播出的动画,周末准备把这部长番补完。,较晚开始观看,hot_meme,MEME::补番,train
hot-211,这次的方案被他一整个拿捏。,一整个拿捏,中性,yes,literal,情绪状态类,完全掌控,这次的方案被他一整个拿捏。,完全掌控,hot_meme,MEME::一整个拿捏,train
hot-103,我不说话，主打陪伴。,主打陪伴,中性,yes,literal,社会现象类,只提供陪伴,我不说话，主打陪伴。,只提供陪伴,hot_meme,MEME::主打陪伴,train
hot-188,中之人换了，味道不一样了。,中之人,中性,yes,literal,二次元类,虚拟主播背后的人,中之人换了，味道不一样了。,虚拟主播背后的人,hot_meme,MEME::中之人,test
hot-276,这走位，风骚。,走位,正向,yes,literal,游戏类,移动技巧,这走位，风骚。,移动技巧,hot_meme,MEME::走位,dev
hot-41,手机内存又满了，我裂开。,我裂开,负向,yes,literal,情绪状态类,崩溃、无奈,手机内存又满了，我裂开。,崩溃、无奈,hot_meme,MEME::我裂开,train
hot-111,晚上开黑，五排差一个。,开黑,中性,yes,literal,游戏类,组队玩游戏,晚上开黑，五排差一个。,组队玩游戏,hot_meme,MEME::开黑,train
hot-68,帮我带了咖啡结果全洒了，我真的会谢。,我真的会谢,负向,yes,literal,情绪状态类,无语感谢（反讽）,帮我带了咖啡结果全洒了，我真的会谢。,无语感谢（反讽）,hot_meme,MEME::我真的会谢,train
hot-1081,兄弟们，点赞过万就加播一小时。,兄弟们,中性,yes,literal,直播主播类,对男性观众或朋友群体的称呼,兄弟们，点赞过万就加播一小时。,主播对观众的称呼,hot_meme,MEME::兄弟们,train
hot-1082,兄弟们别急，马上给大家抽奖。,兄弟们,中性,yes,literal,直播主播类,对男性观众或朋友群体的称呼,兄弟们，点赞过万就加播一小时。,直播间互动称呼,hot_meme,MEME::兄弟们,train
hot-1053,这一枪爆头太准了。,爆头,正向,yes,literal,游戏类,击中头部完成击杀,这一枪爆头太准了。,击中头部,hot_meme,MEME::爆头,train
hot-1054,连续三枪爆头，对面直接沉默。,爆头,正向,yes,literal,游戏类,击中头部完成击杀,这一枪爆头太准了。,连续精准击杀,hot_meme,MEME::爆头,train
hot-115,这波五杀，帅到没朋友。,五杀,正向,yes,literal,游戏类,一局杀五人,这波五杀，帅到没朋友。,一局杀五人,hot_meme,MEME::五杀,test
hot-51,第一次做饭，翻车了。,翻车,负向,yes,literal,情绪状态类,搞砸了,第一次做饭，翻车了。,搞砸了,hot_meme,MEME::翻车,dev
hot-1117,小破站又买新番了，会员没白开。,小破站,正向,yes,literal,弹幕文化类,网友对哔哩哔哩的昵称,小破站又买新番了。,哔哩哔哩昵称,hot_meme,MEME::小破站,train
hot-1118,在小破站刷到不少宝藏视频。,小破站,正向,yes,literal,弹幕文化类,网友对哔哩哔哩的昵称,小破站又买新番了。,哔哩哔哩昵称,hot_meme,MEME::小破站,train
hot-197,萌新求指教。,萌新,中性,yes,literal,弹幕文化类,新手,萌新求指教。,新手,hot_meme,MEME::萌新,train
hot-257,又是保底，非酋实锤。,非酋,负向,yes,literal,游戏类,运气差,又是保底，非酋实锤。,运气差,hot_meme,MEME::非酋,dev
hot-99,办公室的摸鱼搭子，今天又一起偷闲。,摸鱼搭子,中性,yes,literal,生活态度类,一起偷懒的伙伴,办公室的摸鱼搭子，今天又一起偷闲。,一起偷懒的伙伴,hot_meme,MEME::摸鱼搭子,test
hot-290,评论区吵起来了。,评,中性,yes,literal,弹幕文化类,评论,评论区吵起来了。,评论,hot_meme,MEME::评,train
hot-15,作业写了一半电脑死机，这波gg了。,gg,负向,yes,literal,缩写类,完蛋了,作业写了一半电脑死机，这波gg了。,完蛋了,hot_meme,MEME::gg,train
hot-16,比赛最后一分钟被翻盘，gg。,gg,负向,yes,literal,缩写类,完蛋了,作业写了一半电脑死机，这波gg了。,完蛋了,hot_meme,MEME::gg,train
hot-1087,感谢老板大气，礼物收到啦。,老板大气,正向,yes,literal,直播主播类,感谢观众大额打赏时的常用语,感谢老板大气，礼物收到啦。,感谢大额打赏,hot_meme,MEME::老板大气,train
hot-1088,老板大气，直接给直播间包场了。,老板大气,正向,yes,literal,直播主播类,感谢观众大额打赏时的常用语,感谢老板大气，礼物收到啦。,直播间互动用语,hot_meme,MEME::老板大气,train
hot-196,大佬带带我。,大佬,正向,yes,literal,弹幕文化类,高手,大佬带带我。,高手,hot_meme,MEME::大佬,test
hot-192,约稿的画师排到下个月了。,约稿,中性,yes,literal,二次元类,约画师画画,约稿的画师排到下个月了。,约画师画画,hot_meme,MEME::约稿,dev
hot-74,与其焦虑不如躺平。,躺平,中性,yes,literal,生活态度类,不奋斗、顺其自然,与其焦虑不如躺平。,不奋斗、顺其自然,hot_meme,MEME::躺平,train
hot-217,他俩对视的瞬间磕到了。,磕到了,正向,yes,literal,饭圈娱乐类,嗑CP,他俩对视的瞬间磕到了。,嗑CP,hot_meme,MEME::磕到了,train
hot-62,这个特效，太炸裂了。,炸裂,正向,yes,literal,情绪状态类,震撼,这个特效，太炸裂了。,震撼,hot_meme,MEME::炸裂,train
hot-298,投币了，感谢分享。,投币,正向,yes,literal,弹幕文化类,付费支持,投币了，感谢分享。,付费支持,hot_meme,MEME::投币,train
hot-182,翻到十年前的帖子，考古现场。,考古,中性,yes,literal,弹幕文化类,翻旧内容,翻到十年前的帖子，考古现场。,翻旧内容,hot_meme,MEME::考古,test
hot-153,这段话直击灵魂，句句扎心。,直击灵魂,中性,yes,literal,弹幕文化类,触动内心,这段话直击灵魂，句句扎心。,触动内心,hot_meme,MEME::直击灵魂,dev
hot-1015,这套连招有手就行，练两遍就会了。,有手就行,中性,yes,literal,游戏类,操作简单，谁都能做到,这套连招有手就行。,操作简单,hot_meme,MEME::有手就行,train
hot-1016,别说难度高，这操作有手就行。,有手就行,中性,yes,literal,游戏类,操作简单，谁都能做到,这套连招有手就行。,调侃门槛低,hot_meme,MEME::有手就行,train
hot-281,差点五杀，可惜。,四杀,中性,yes,variant,游戏类,连杀四人,差点五杀，可惜。,连杀四人,hot_meme,MEME::四杀,train
hot-167,冷知识：企鹅不会飞。,冷知识,中性,yes,literal,弹幕文化类,冷门知识,冷知识：企鹅不会飞。,冷门知识,hot_meme,MEME::冷知识,train
hot-249,这段剪辑节目效果拉满。,节目效果,正向,yes,literal,弹幕文化类,效果很好,这段剪辑节目效果拉满。,效果很好,hot_meme,MEME::节目效果,train
hot-71,这段剧情，简直在演我。,演我,中性,yes,literal,弹幕文化类,像在演我的生活,这段剧情，简直在演我。,像在演我的生活,hot_meme,MEME::演我,test
hot-277,这输出直接拉满。,输出,正向,yes,literal,游戏类,伤害输出,这输出直接拉满。,伤害输出,hot_meme,MEME::输出,dev
hot-1095,主播今天又鸽了，说好的直播呢。,鸽了,负向,yes,literal,直播主播类,原本约定的事情临时取消,主播今天又鸽了。,临时取消约定,hot_meme,MEME::鸽了,train
hot-1096,临时有事鸽了大家，明天补播。,鸽了,负向,yes,literal,直播主播类,原本约定的事情临时取消,主播今天又鸽了。,取消直播安排,hot_meme,MEME::鸽了,train
hot-2070,虽然主播昨天鸽了，但今天提前开播还补了时长。,鸽了,正向,yes,literal,直播主播类,原本约定的事情临时取消,主播今天又鸽了。,弥补直播缺席,hot_meme,MEME::鸽了,train
hot-2071,他说如果临时有事可能会鸽了。,鸽了,中性,yes,literal,直播主播类,原本约定的事情临时取消,主播今天又鸽了。,可能取消约定,hot_meme,MEME::鸽了,train
hot-2072,约好一起开黑却临时鸽了，等了一个晚上。,鸽了,负向,yes,literal,直播主播类,原本约定的事情临时取消,主播今天又鸽了。,临时失约,hot_meme,MEME::鸽了,train
hot-91,朋友圈光鲜，钱包空空，隐形贫困人口。,隐形贫困人口,中性,yes,literal,社会现象类,看似有钱实际穷,朋友圈光鲜，钱包空空，隐形贫困人口。,看似有钱实际穷,hot_meme,MEME::隐形贫困人口,test
hot-251,看完教程学到了。,学到了,正向,yes,literal,弹幕文化类,学会,看完教程学到了。,学会,hot_meme,MEME::学到了,dev
hot-1031,这把输出打得像4396，属实有点低。,4396,负向,yes,literal,游戏类,英雄联盟比赛输出数据的经典调侃,这把输出打得像4396。,英雄联盟输出数据老梗,hot_meme,MEME::4396,train
hot-1032,4396都成老梗了，评论区还在刷。,4396,中性,yes,literal,游戏类,英雄联盟比赛输出数据的经典调侃,这把输出打得像4396。,英雄联盟比赛梗,hot_meme,MEME::4396,train
hot-306,不不不不不，我无疑是愤怒的,不不不不不，我无疑是,中性,yes,literal,弹幕文化类,老牧师口音梗，可以接各种情绪形容词,不不不不不，我无疑是愤怒的,戏谑的评价,hot_meme,MEME::不不不不不，我无疑是,train
hot-54,看了他的live，直接路转粉。,路转粉,正向,yes,literal,饭圈娱乐类,路人变成粉丝,看了他的live，直接路转粉。,路人变成粉丝,hot_meme,MEME::路转粉,train
hot-27,抢到演唱会门票，芜湖起飞！,芜湖起飞,正向,yes,literal,谐音类,开心到起飞,抢到演唱会门票，芜湖起飞！,开心到起飞,hot_meme,MEME::芜湖起飞,dev
hot-282,这波团战打赢了。,团战,正向,yes,literal,游戏类,团队作战,这波团战打赢了。,团队作战,hot_meme,MEME::团战,test
hot-228,这局表现太差，抬走下一个。,抬走,中性,yes,literal,弹幕文化类,淘汰换人,这局表现太差，抬走下一个。,淘汰换人,hot_meme,MEME::抬走,train
hot-152,老师的一个问题，灵魂拷问。,灵魂拷问,中性,yes,literal,弹幕文化类,直击心灵的问题,老师的一个问题，灵魂拷问。,直击心灵的问题,hot_meme,MEME::灵魂拷问,train
hot-1043,大优势还顺风浪，结果被翻盘了。,顺风浪,负向,yes,literal,游戏类,领先时过于冒进,大优势还顺风浪，结果被翻盘了。,领先时过于冒进,hot_meme,MEME::顺风浪,train
hot-1044,别顺风浪，稳稳推塔就赢了。,顺风浪,负向,yes,literal,游戏类,领先时过于冒进,大优势还顺风浪，结果被翻盘了。,提醒不要在优势局乱打,hot_meme,MEME::顺风浪,train
hot-2061,队伍领先也没有顺风浪，稳稳拿下了比赛。,顺风浪,正向,yes,literal,游戏类,领先时过于冒进,大优势还顺风浪，结果被翻盘了。,肯定稳健打法,hot_meme,MEME::顺风浪,train
hot-2062,教练提醒队员别顺风浪。,顺风浪,中性,yes,literal,游戏类,领先时过于冒进,大优势还顺风浪，结果被翻盘了。,战术提醒,hot_meme,MEME::顺风浪,train
hot-2063,大优势还顺风浪，最后被对面翻盘。,顺风浪,负向,yes,literal,游戏类,领先时过于冒进,大优势还顺风浪，结果被翻盘了。,优势局冒进,hot_meme,MEME::顺风浪,train
hot-231,求放过，别再整我了。,求放过,中性,yes,literal,弹幕文化类,求饶,求放过，别再整我了。,求饶,hot_meme,MEME::求放过,test
hot-1041,这场让二追三太刺激了。,让二追三,正向,yes,literal,游戏类,先输两局后连赢三局,这场让二追三太刺激了。,先输两局后连赢三局,hot_meme,MEME::让二追三,train
hot-1042,决赛让二追三，弹幕全在刷历史。,让二追三,正向,yes,literal,游戏类,先输两局后连赢三局,这场让二追三太刺激了。,经典逆转赛果,hot_meme,MEME::让二追三,train
hot-48,他吃饭吧唧嘴，瞬间下头。,下头,负向,yes,literal,情绪状态类,扫兴、好感降低,他吃饭吧唧嘴，瞬间下头。,扫兴、好感降低,hot_meme,MEME::下头,dev
hot-193,清仓价，白菜价。,白菜价,正向,yes,literal,生活态度类,很便宜,清仓价，白菜价。,很便宜,hot_meme,MEME::白菜价,train
hot-229,这种发言叉出去。,叉出去,负向,yes,literal,弹幕文化类,赶出去,这种发言叉出去。,赶出去,hot_meme,MEME::叉出去,dev
hot-114,这周排位连跪，心态崩了。,连跪,负向,yes,literal,游戏类,连续失败,这周排位连跪，心态崩了。,连续失败,hot_meme,MEME::连跪,test
hot-112,连赢三把，今天上分顺利。,上分,正向,yes,literal,游戏类,排位上升,连赢三把，今天上分顺利。,排位上升,hot_meme,MEME::上分,train
hot-275,这波拉扯太精彩。,拉扯,正向,yes,literal,游戏类,来回周旋,这波拉扯太精彩。,来回周旋,hot_meme,MEME::拉扯,train
neg-1039,直播画面的声音有一点小。,无,负向,no,none,,,,普通直播体验,normal,NEG::直播画面的声音有一点小。,train
neg-19,我早上起晚了。,无,中性,no,none,,,,不含网络梗的普通语句,normal,NEG::我早上起晚了。,dev
neg-3,我先去吃饭了。,无,中性,no,none,,,,不含网络梗的普通语句,normal,NEG::我先去吃饭了。,test
neg-1062,原作小说和动画在部分情节上有些差异。,无,中性,no,none,,,,普通作品比较,normal,NEG::原作小说和动画在部分情节上有些差异。,train
neg-22,这个视频我看了两遍。,无,中性,no,none,,,,不含网络梗的普通语句,normal,NEG::这个视频我看了两遍。,train
neg-18,别担心，会好起来的。,无,正向,no,none,,,,不含网络梗的普通语句,normal,NEG::别担心，会好起来的。,train
neg-14,周末有什么安排吗？,无,中性,no,none,,,,不含网络梗的普通语句,normal,NEG::周末有什么安排吗？,train
neg-64,这家店的装修不错。,无,正向,no,none,,,,不含网络梗的普通语句,normal,NEG::这家店的装修不错。,train
neg-15,这个音乐很好听。,无,正向,no,none,,,,不含网络梗的普通语句,normal,NEG::这个音乐很好听。,dev
neg-58,这个新闻你看了吗？,无,中性,no,none,,,,不含网络梗的普通语句,normal,NEG::这个新闻你看了吗？,test
neg-1071,今天下班后去超市买了些水果。,无,中性,no,none,,,,普通生活记录,normal,NEG::今天下班后去超市买了些水果。,train
neg-91,这个月的计划做好了。,无,中性,no,none,,,,不含网络梗的普通语句,normal,NEG::这个月的计划做好了。,train
neg-8,大家作业都写完了吗？,无,中性,no,none,,,,不含网络梗的普通语句,normal,NEG::大家作业都写完了吗？,train
neg-1079,图书馆的位置很难抢，我只好回宿舍看书。,无,负向,no,none,,,,普通学习经历,normal,NEG::图书馆的位置很难抢，我只好回宿舍看书。,train
neg-1049,观众的建议被主播采纳了。,无,正向,no,none,,,,普通互动结果,normal,NEG::观众的建议被主播采纳了。,train
neg-79,今天的水有点烫。,无,中性,no,none,,,,不含网络梗的普通语句,normal,NEG::今天的水有点烫。,test
neg-78,这个位置光线很好。,无,正向,no,none,,,,不含网络梗的普通语句,normal,NEG::这个位置光线很好。,dev
neg-84,我明天出差。,无,中性,no,none,,,,不含网络梗的普通语句,normal,NEG::我明天出差。,train
neg-1076,我妈提醒我出门记得带伞。,无,中性,no,none,,,,普通家庭对话,normal,NEG::我妈提醒我出门记得带伞。,train
neg-1038,观众正在交流比赛结果。,无,中性,no,none,,,,普通观赛互动,normal,NEG::观众正在交流比赛结果。,train
neg-33,这个电影评分很高。,无,中性,no,none,,,,不含网络梗的普通语句,normal,NEG::这个电影评分很高。,train
neg-96,我把照片发给你了。,无,中性,no,none,,,,不含网络梗的普通语句,normal,NEG::我把照片发给你了。,train
neg-1042,直播间的人数比昨天多。,无,中性,no,none,,,,普通直播观察,normal,NEG::直播间的人数比昨天多。,test
neg-59,我先写作业了。,无,中性,no,none,,,,不含网络梗的普通语句,normal,NEG::我先写作业了。,dev
neg-83,这个建议很中肯。,无,正向,no,none,,,,不含网络梗的普通语句,normal,NEG::这个建议很中肯。,train
neg-1004,我比较喜欢玩辅助，因为可以保护队友。,无,正向,no,none,,,,普通玩法偏好,normal,NEG::我比较喜欢玩辅助，因为可以保护队友。,train
neg-1009,这场比赛双方打得都很谨慎。,无,中性,no,none,,,,普通比赛观察,normal,NEG::这场比赛双方打得都很谨慎。,train
neg-24,这条路修好了，方便多了。,无,正向,no,none,,,,不含网络梗的普通语句,normal,NEG::这条路修好了，方便多了。,train
neg-1040,他讲游戏思路的时候很清楚。,无,正向,no,none,,,,普通讲解评价,normal,NEG::他讲游戏思路的时候很清楚。,train
neg-17,这个知识点很重要。,无,中性,no,none,,,,不含网络梗的普通语句,normal,NEG::这个知识点很重要。,test
neg-87,这个路口有点堵。,无,负向,no,none,,,,不含网络梗的普通语句,normal,NEG::这个路口有点堵。,dev
neg-12,谢谢分享，很有用。,无,正向,no,none,,,,不含网络梗的普通语句,normal,NEG::谢谢分享，很有用。,train
neg-1052,我最近在看一部校园题材的漫画。,无,中性,no,none,,,,普通观看记录,normal,NEG::我最近在看一部校园题材的漫画。,train
neg-6,这个价格有点贵。,无,负向,no,none,,,,不含网络梗的普通语句,normal,NEG::这个价格有点贵。,train
neg-1005,比赛打到第五局才分出胜负，过程很精彩。,无,正向,no,none,,,,普通赛事评价,normal,NEG::比赛打到第五局才分出胜负，过程很精彩。,train
neg-81,这个表格需要重填。,无,中性,no,none,,,,不含网络梗的普通语句,normal,NEG::这个表格需要重填。,train
neg-1058,漫画下一话要等两周才更新。,无,负向,no,none,,,,普通更新等待,normal,NEG::漫画下一话要等两周才更新。,train
neg-46,我最近在减肥。,无,中性,no,none,,,,不含网络梗的普通语句,normal,NEG::我最近在减肥。,test
neg-61,路上小心点。,无,中性,no,none,,,,不含网络梗的普通语句,normal,NEG::路上小心点。,dev
neg-20,这个方案还需要再改改。,无,中性,no,none,,,,不含网络梗的普通语句,normal,NEG::这个方案还需要再改改。,train
neg-5,明天记得带伞，要下雨。,无,中性,no,none,,,,不含网络梗的普通语句,normal,NEG::明天记得带伞，要下雨。,train
neg-1073,我把作业提前写完了，准备早点休息。,无,正向,no,none,,,,普通学习安排,normal,NEG::我把作业提前写完了，准备早点休息。,train
neg-1030,比赛解说把战术讲得很清楚。,无,正向,no,none,,,,普通解说评价,normal,NEG::比赛解说把战术讲得很清楚。,dev
neg-1015,这款游戏的画风我很喜欢。,无,正向,no,none,,,,普通游戏评价,normal,NEG::这款游戏的画风我很喜欢。,train
neg-1003,这个角色的新皮肤颜色挺好看的。,无,正向,no,none,,,,普通外观评价,normal,NEG::这个角色的新皮肤颜色挺好看的。,test
neg-40,我已经报名了。,无,中性,no,none,,,,不含网络梗的普通语句,normal,NEG::我已经报名了。,train
neg-54,这个奶茶好喝。,无,正向,no,none,,,,不含网络梗的普通语句,normal,NEG::这个奶茶好喝。,train
neg-49,这个问题的答案在书上。,无,中性,no,none,,,,不含网络梗的普通语句,normal,NEG::这个问题的答案在书上。,train
neg-1006,新版本更新后，技能说明改动了不少。,无,中性,no,none,,,,普通版本说明,normal,NEG::新版本更新后，技能说明改动了不少。,train
neg-60,这个包质量挺好的。,无,正向,no,none,,,,不含网络梗的普通语句,normal,NEG::这个包质量挺好的。,dev
neg-1024,我今天用步枪打了几个不错的回合。,无,正向,no,none,,,,普通对局表现,normal,NEG::我今天用步枪打了几个不错的回合。,test
neg-1070,我保存了几个讲剧情分析的长视频。,无,中性,no,none,,,,普通保存行为,normal,NEG::我保存了几个讲剧情分析的长视频。,train
neg-75,我今天请了假。,无,中性,no,none,,,,不含网络梗的普通语句,normal,NEG::我今天请了假。,train
neg-1061,这类作品通常会有比较长的铺垫。,无,中性,no,none,,,,普通叙事观察,normal,NEG::这类作品通常会有比较长的铺垫。,train
neg-76,这个方案通过了。,无,正向,no,none,,,,不含网络梗的普通语句,normal,NEG::这个方案通过了。,train
neg-1043,主播回答了几个观众的问题。,无,中性,no,none,,,,普通直播互动,normal,NEG::主播回答了几个观众的问题。,train
neg-32,天气变冷了，多穿点。,无,中性,no,none,,,,不含网络梗的普通语句,normal,NEG::天气变冷了，多穿点。,test
neg-95,这个任务周五前完成。,无,中性,no,none,,,,不含网络梗的普通语句,normal,NEG::这个任务周五前完成。,dev
neg-1,这个视频拍得真不错。,无,正向,no,none,,,,不含网络梗的普通语句,normal,NEG::这个视频拍得真不错。,train
neg-88,我把作业交了。,无,中性,no,none,,,,不含网络梗的普通语句,normal,NEG::我把作业交了。,train
neg-1072,天气预报说明天可能会下雨。,无,中性,no,none,,,,普通天气信息,normal,NEG::天气预报说明天可能会下雨。,train
neg-1027,教练让大家先熟悉地图再练习配合。,无,中性,no,none,,,,普通训练安排,normal,NEG::教练让大家先熟悉地图再练习配合。,train
neg-1054,这集剧情节奏比上一集更紧凑。,无,正向,no,none,,,,普通剧集评价,normal,NEG::这集剧情节奏比上一集更紧凑。,train
neg-94,我先去洗个澡。,无,中性,no,none,,,,不含网络梗的普通语句,normal,NEG::我先去洗个澡。,test
neg-37,今天加班到很晚。,无,负向,no,none,,,,不含网络梗的普通语句,normal,NEG::今天加班到很晚。,train
neg-55,晚上一起吃饭吗？,无,中性,no,none,,,,不含网络梗的普通语句,normal,NEG::晚上一起吃饭吗？,dev
neg-73,我先去洗漱了。,无,中性,no,none,,,,不含网络梗的普通语句,normal,NEG::我先去洗漱了。,train
neg-1066,制作组在片尾留了一个小彩蛋。,无,正向,no,none,,,,普通内容细节,normal,NEG::制作组在片尾留了一个小彩蛋。,train
neg-1016,组队时大家开了语音，交流方便很多。,无,正向,no,none,,,,普通沟通体验,normal,NEG::组队时大家开了语音，交流方便很多。,train
neg-9,这个画面拍得很清晰。,无,正向,no,none,,,,不含网络梗的普通语句,normal,NEG::这个画面拍得很清晰。,train
neg-1021,我最近开始练习射击类游戏。,无,中性,no,none,,,,普通游戏经历,normal,NEG::我最近开始练习射击类游戏。,test
neg-1017,今天匹配到的队友都挺友好。,无,正向,no,none,,,,普通匹配体验,normal,NEG::今天匹配到的队友都挺友好。,dev
neg-10,我有点困了，先去睡了。,无,中性,no,none,,,,不含网络梗的普通语句,normal,NEG::我有点困了，先去睡了。,train
neg-74,这个会议改到明天了。,无,中性,no,none,,,,不含网络梗的普通语句,normal,NEG::这个会议改到明天了。,train
neg-51,我重新看了一遍教程。,无,中性,no,none,,,,不含网络梗的普通语句,normal,NEG::我重新看了一遍教程。,train
neg-1031,今天训练重点是站位和沟通。,无,中性,no,none,,,,普通训练内容,normal,NEG::今天训练重点是站位和沟通。,train
neg-35,图书馆几点关门？,无,中性,no,none,,,,不含网络梗的普通语句,normal,NEG::图书馆几点关门？,train
neg-98,今天的工作完成了。,无,正向,no,none,,,,不含网络梗的普通语句,normal,NEG::今天的工作完成了。,dev
neg-80,我先挂电话了。,无,中性,no,none,,,,不含网络梗的普通语句,normal,NEG::我先挂电话了。,test
neg-1069,主题曲听起来很舒服。,无,正向,no,none,,,,普通音乐评价,normal,NEG::主题曲听起来很舒服。,train
neg-1051,这部动画的作画和音乐都很出色。,无,正向,no,none,,,,普通动画评价,normal,NEG::这部动画的作画和音乐都很出色。,train
neg-50,今天下午三点见。,无,中性,no,none,,,,不含网络梗的普通语句,normal,NEG::今天下午三点见。,train
neg-1074,中午和同学在食堂吃了面。,无,中性,no,none,,,,普通生活记录,normal,NEG::中午和同学在食堂吃了面。,train
neg-1068,新预告片公开了更多场景。,无,中性,no,none,,,,普通预告内容,normal,NEG::新预告片公开了更多场景。,test
neg-23,加油，你可以的。,无,正向,no,none,,,,不含网络梗的普通语句,normal,NEG::加油，你可以的。,dev
neg-1007,队友之间多沟通，配合会更好。,无,正向,no,none,,,,普通团队建议,normal,NEG::队友之间多沟通，配合会更好。,train
neg-7,食堂的饭今天不错。,无,正向,no,none,,,,不含网络梗的普通语句,normal,NEG::食堂的饭今天不错。,train
neg-1057,我喜欢的角色今天终于出场了。,无,正向,no,none,,,,普通观看感受,normal,NEG::我喜欢的角色今天终于出场了。,train
neg-26,这个菜有点咸。,无,负向,no,none,,,,不含网络梗的普通语句,normal,NEG::这个菜有点咸。,train
neg-42,我先去开会了。,无,中性,no,none,,,,不含网络梗的普通语句,normal,NEG::我先去开会了。,train
neg-1078,最近睡眠不太规律，需要调整一下。,无,负向,no,none,,,,普通生活状态,normal,NEG::最近睡眠不太规律，需要调整一下。,train
neg-71,我最近在学吉他。,无,中性,no,none,,,,不含网络梗的普通语句,normal,NEG::我最近在学吉他。,test
neg-1047,这个频道每周更新两期。,无,中性,no,none,,,,普通更新频率,normal,NEG::这个频道每周更新两期。,dev
neg-1045,粉丝们在讨论新发布的视频。,无,中性,no,none,,,,普通讨论,normal,NEG::粉丝们在讨论新发布的视频。,train
neg-16,我到家了，放心吧。,无,中性,no,none,,,,不含网络梗的普通语句,normal,NEG::我到家了，放心吧。,train
neg-28,这个APP挺好用的。,无,正向,no,none,,,,不含网络梗的普通语句,normal,NEG::这个APP挺好用的。,train
neg-1067,影片前十分钟介绍了主要人物。,无,中性,no,none,,,,普通剧情说明,normal,NEG::影片前十分钟介绍了主要人物。,train
neg-1065,这个角色的服装设计很有特点。,无,正向,no,none,,,,普通设计评价,normal,NEG::这个角色的服装设计很有特点。,dev
neg-63,我报名了志愿者活动。,无,中性,no,none,,,,不含网络梗的普通语句,normal,NEG::我报名了志愿者活动。,test
neg-67,这个杯子是新的吗？,无,中性,no,none,,,,不含网络梗的普通语句,normal,NEG::这个杯子是新的吗？,train
neg-13,这个颜色挺适合你的。,无,正向,no,none,,,,不含网络梗的普通语句,normal,NEG::这个颜色挺适合你的。,train
neg-1064,我打算周末去参加同城漫展。,无,中性,no,none,,,,普通活动计划,normal,NEG::我打算周末去参加同城漫展。,train
neg-1046,我在留言区写下了自己的观点。,无,中性,no,none,,,,普通留言互动,normal,NEG::我在留言区写下了自己的观点。,train
neg-1048,作者在简介里写了发布时间。,无,中性,no,none,,,,普通信息说明,normal,NEG::作者在简介里写了发布时间。,train
neg-97,这个菜很下饭。,无,正向,no,none,,,,不含网络梗的普通语句,normal,NEG::这个菜很下饭。,dev
neg-1025,游戏中的枪械需要花时间适应。,无,中性,no,none,,,,普通操作感受,normal,NEG::游戏中的枪械需要花时间适应。,test
neg-70,这个路口右转。,无,中性,no,none,,,,不含网络梗的普通语句,normal,NEG::这个路口右转。,train
neg-45,这个软件更新了。,无,中性,no,none,,,,不含网络梗的普通语句,normal,NEG::这个软件更新了。,train
neg-1029,我喜欢使用辅助型角色来帮助队友。,无,正向,no,none,,,,普通角色偏好,normal,NEG::我喜欢使用辅助型角色来帮助队友。,train
neg-38,麻烦帮我拿一下快递。,无,中性,no,none,,,,不含网络梗的普通语句,normal,NEG::麻烦帮我拿一下快递。,train
neg-1059,视频作者整理了完整的剧情时间线。,无,正向,no,none,,,,普通内容整理,normal,NEG::视频作者整理了完整的剧情时间线。,dev
neg-66,我把资料发你邮箱了。,无,中性,no,none,,,,不含网络梗的普通语句,normal,NEG::我把资料发你邮箱了。,test
neg-1033,对方防守很稳，我们尝试了不同路线。,无,中性,no,none,,,,普通战术描述,normal,NEG::对方防守很稳，我们尝试了不同路线。,train
neg-85,这个视频讲得很详细。,无,正向,no,none,,,,不含网络梗的普通语句,normal,NEG::这个视频讲得很详细。,train
neg-47,这个座位有人吗？,无,中性,no,none,,,,不含网络梗的普通语句,normal,NEG::这个座位有人吗？,train
neg-21,今天食堂人好多。,无,中性,no,none,,,,不含网络梗的普通语句,normal,NEG::今天食堂人好多。,train
neg-30,大家注意安全。,无,中性,no,none,,,,不含网络梗的普通语句,normal,NEG::大家注意安全。,train
neg-1055,配音人员把角色的情绪表达得很好。,无,正向,no,none,,,,普通配音评价,normal,NEG::配音人员把角色的情绪表达得很好。,dev
neg-69,我的电脑有点卡。,无,负向,no,none,,,,不含网络梗的普通语句,normal,NEG::我的电脑有点卡。,test
neg-36,这个设计很简洁。,无,正向,no,none,,,,不含网络梗的普通语句,normal,NEG::这个设计很简洁。,train
neg-1060,大家对结局的看法不太一样。,无,中性,no,none,,,,普通观点讨论,normal,NEG::大家对结局的看法不太一样。,train
neg-62,这个作业有点难。,无,负向,no,none,,,,不含网络梗的普通语句,normal,NEG::这个作业有点难。,train
neg-1056,这个故事的世界观设定很有趣。,无,正向,no,none,,,,普通设定评价,normal,NEG::这个故事的世界观设定很有趣。,train
neg-1020,赛季结束后会发放对应奖励。,无,中性,no,none,,,,普通赛季说明,normal,NEG::赛季结束后会发放对应奖励。,train
neg-57,我刚做完运动。,无,中性,no,none,,,,不含网络梗的普通语句,normal,NEG::我刚做完运动。,test
neg-43,这个路口左转就到了。,无,中性,no,none,,,,不含网络梗的普通语句,normal,NEG::这个路口左转就到了。,dev
neg-1011,朋友约我周末一起玩游戏。,无,中性,no,none,,,,普通约定,normal,NEG::朋友约我周末一起玩游戏。,train
neg-1026,队伍落后时也没有放弃，最后追了回来。,无,正向,no,none,,,,普通逆转经历,normal,NEG::队伍落后时也没有放弃，最后追了回来。,train
neg-1002,今天网络有点卡，游戏体验一般。,无,负向,no,none,,,,普通网络问题,normal,NEG::今天网络有点卡，游戏体验一般。,train
neg-1077,早上地铁人很多，差点没挤上去。,无,负向,no,none,,,,普通通勤经历,normal,NEG::早上地铁人很多，差点没挤上去。,train
neg-90,我出门了。,无,中性,no,none,,,,不含网络梗的普通语句,normal,NEG::我出门了。,train
neg-4,这本书我看完了，推荐。,无,正向,no,none,,,,不含网络梗的普通语句,normal,NEG::这本书我看完了，推荐。,dev
neg-11,请问这个怎么操作？,无,中性,no,none,,,,不含网络梗的普通语句,normal,NEG::请问这个怎么操作？,test
neg-1019,新手教程讲得比较清楚，容易理解。,无,正向,no,none,,,,普通教程评价,normal,NEG::新手教程讲得比较清楚，容易理解。,train
neg-1034,队友之间互相鼓励，气氛很好。,无,正向,no,none,,,,普通团队氛围,normal,NEG::队友之间互相鼓励，气氛很好。,train
neg-1013,地图更新以后，野区路线需要重新熟悉。,无,中性,no,none,,,,普通地图变化,normal,NEG::地图更新以后，野区路线需要重新熟悉。,train
neg-27,我明天上午有课。,无,中性,no,none,,,,不含网络梗的普通语句,normal,NEG::我明天上午有课。,train
neg-1032,我的准星设置还在慢慢调整。,无,中性,no,none,,,,普通设置调整,normal,NEG::我的准星设置还在慢慢调整。,test
neg-41,这个杯子好看。,无,正向,no,none,,,,不含网络梗的普通语句,normal,NEG::这个杯子好看。,dev
neg-86,我先休息一会儿。,无,中性,no,none,,,,不含网络梗的普通语句,normal,NEG::我先休息一会儿。,train
neg-1080,周末打算整理房间，再出去走走。,无,中性,no,none,,,,普通周末计划,normal,NEG::周末打算整理房间，再出去走走。,train
neg-1012,那个选手今天的表现比较稳定。,无,正向,no,none,,,,普通选手评价,normal,NEG::那个选手今天的表现比较稳定。,train
neg-56,这个游戏画质不错。,无,正向,no,none,,,,不含网络梗的普通语句,normal,NEG::这个游戏画质不错。,train
neg-1050,直播结束后还有一段幕后花絮。,无,中性,no,none,,,,普通节目内容,normal,NEG::直播结束后还有一段幕后花絮。,train
neg-72,这个菜谱很简单。,无,正向,no,none,,,,不含网络梗的普通语句,normal,NEG::这个菜谱很简单。,dev
neg-1044,今天的节目安排已经发在动态里。,无,中性,no,none,,,,普通动态通知,normal,NEG::今天的节目安排已经发在动态里。,test
neg-2,今天天气挺好。,无,中性,no,none,,,,不含网络梗的普通语句,normal,NEG::今天天气挺好。,train
neg-1037,主播今天的语速比平时慢一些。,无,中性,no,none,,,,普通直播观察,normal,NEG::主播今天的语速比平时慢一些。,train
neg-92,今天风很大。,无,中性,no,none,,,,不含网络梗的普通语句,normal,NEG::今天风很大。,train
neg-100,明天见！,无,中性,no,none,,,,不含网络梗的普通语句,normal,NEG::明天见！,train
neg-1008,我今天练习了半小时补刀，比昨天熟练。,无,正向,no,none,,,,普通练习记录,normal,NEG::我今天练习了半小时补刀，比昨天熟练。,train
neg-1053,主角的成长过程写得挺自然。,无,正向,no,none,,,,普通剧情评价,normal,NEG::主角的成长过程写得挺自然。,dev
neg-39,这个报告下周一交。,无,中性,no,none,,,,不含网络梗的普通语句,normal,NEG::这个报告下周一交。,test
neg-1023,队友报点很及时，沟通很顺畅。,无,正向,no,none,,,,普通团队沟通,normal,NEG::队友报点很及时，沟通很顺畅。,train
neg-52,这个笔记做得真认真。,无,正向,no,none,,,,不含网络梗的普通语句,normal,NEG::这个笔记做得真认真。,train
neg-68,天气不错，适合出游。,无,正向,no,none,,,,不含网络梗的普通语句,normal,NEG::天气不错，适合出游。,train
neg-1075,这周的学习计划已经完成了一半。,无,正向,no,none,,,,普通学习进度,normal,NEG::这周的学习计划已经完成了一半。,train
neg-1028,这次更新调整了部分角色技能。,无,中性,no,none,,,,普通版本说明,normal,NEG::这次更新调整了部分角色技能。,test
neg-1022,这张地图的防守路线比较复杂。,无,中性,no,none,,,,普通地图描述,normal,NEG::这张地图的防守路线比较复杂。,dev
neg-89,这个颜色很百搭。,无,正向,no,none,,,,不含网络梗的普通语句,normal,NEG::这个颜色很百搭。,train
neg-29,手机没电了，先充会儿电。,无,中性,no,none,,,,不含网络梗的普通语句,normal,NEG::手机没电了，先充会儿电。,train
neg-44,今天的日落很美。,无,正向,no,none,,,,不含网络梗的普通语句,normal,NEG::今天的日落很美。,train
neg-82,恭喜你！,无,正向,no,none,,,,不含网络梗的普通语句,normal,NEG::恭喜你！,train
neg-99,这个门锁有点问题。,无,负向,no,none,,,,不含网络梗的普通语句,normal,NEG::这个门锁有点问题。,train
neg-53,我地铁坐过站了。,无,中性,no,none,,,,不含网络梗的普通语句,normal,NEG::我地铁坐过站了。,test
neg-31,这个游戏我还没玩过。,无,中性,no,none,,,,不含网络梗的普通语句,normal,NEG::这个游戏我还没玩过。,dev
neg-1041,这个视频的剪辑节奏很舒服。,无,正向,no,none,,,,普通视频评价,normal,NEG::这个视频的剪辑节奏很舒服。,train
neg-1018,我把常用设置重新调整了一遍。,无,中性,no,none,,,,普通设置调整,normal,NEG::我把常用设置重新调整了一遍。,train
neg-25,最近有点忙。,无,中性,no,none,,,,不含网络梗的普通语句,normal,NEG::最近有点忙。,train
neg-65,今天开会讲了新安排。,无,中性,no,none,,,,不含网络梗的普通语句,normal,NEG::今天开会讲了新安排。,train
neg-93,这个练习册不错。,无,正向,no,none,,,,不含网络梗的普通语句,normal,NEG::这个练习册不错。,train
neg-1014,我看了一场职业比赛的直播回放。,无,中性,no,none,,,,普通观看经历,normal,NEG::我看了一场职业比赛的直播回放。,dev
neg-34,我准备考研了。,无,中性,no,none,,,,不含网络梗的普通语句,normal,NEG::我准备考研了。,test
neg-1063,画面配色很符合故事的氛围。,无,正向,no,none,,,,普通美术评价,normal,NEG::画面配色很符合故事的氛围。,train
neg-1010,游戏结束后我复盘了一下自己的操作。,无,中性,no,none,,,,普通复盘,normal,NEG::游戏结束后我复盘了一下自己的操作。,train
neg-1035,晚上组队练习了两个小时。,无,中性,no,none,,,,普通训练记录,normal,NEG::晚上组队练习了两个小时。,train
neg-48,别着急，慢慢来。,无,正向,no,none,,,,不含网络梗的普通语句,normal,NEG::别着急，慢慢来。,train
neg-1001,昨晚和朋友玩了三局游戏，赢了两次。,无,中性,no,none,,,,普通游戏经历,normal,NEG::昨晚和朋友玩了三局游戏，赢了两次。,train
neg-1036,我晚上会看一会儿游戏直播。,无,中性,no,none,,,,普通观看习惯,normal,NEG::我晚上会看一会儿游戏直播。,dev
neg-77,我收到通知了。,无,中性,no,none,,,,不含网络梗的普通语句,normal,NEG::我收到通知了。,test
