meme,category,meaning,example
yyds,缩写类,永远的神，形容非常厉害,今天这个视频的剪辑水平，yyds！
xswl,缩写类,笑死我了,看到猫追自己尾巴转了三圈，xswl。
u1s1,缩写类,有一说一,u1s1，这部电影的配乐确实不错。
dbq,缩写类,对不起,dbq，我刚刚走神了。
zdjd,缩写类,玩梗电竞选手zmjjkk，真的假的,康神开播了真的假的？
666,缩写类,厉害、很棒,这手速，真的是666。
886,缩写类,拜拜了,我先下了，886。
2333,缩写类,大笑,看到这个表情包23333。
gg,缩写类,完蛋了,作业写了一半电脑死机，这波gg了。
蚌埠住了,谐音类,绷不住了（谐音），忍不住笑,看到这剧情反转，蚌埠住了。
栓Q,谐音类,谢谢（谐音thank you，可表反讽）,室友把我外卖吃了，我真的栓Q。
芭比Q了,谐音类,完蛋了（谐音barbecue）,闹钟没响，今天要迟到了，芭比Q了。
雨女无瓜,谐音类,与你无关（谐音）,我爱看什么剧，雨女无瓜。
蓝瘦香菇,谐音类,难受想哭（谐音）,连续加班三天，蓝瘦香菇。
鸭梨山大,谐音类,压力山大（谐音）,期末周三门考试挤在一起，鸭梨山大。
泰裤辣,谐音类,太酷啦（谐音）,这个rapper的flow，泰裤辣！
芜湖起飞,谐音类,开心到起飞,抢到演唱会门票，芜湖起飞！
干饭,生活态度类,吃饭（网络用语）,别说了，干饭去。
结棍,谐音类,厉害（方言）,这个大爷太极打得真结棍。
小趴菜,生活态度类,没用、弱（调侃）,这点工作量就喊累，小趴菜。
大冤种,生活态度类,冤大头,同样的东西买贵了一倍，我就是那个大冤种。
集美,谐音类,姐妹（谐音）,集美们，这个色号真的显白。
达咩,谐音类,不行、不要（日语谐音）,熬夜刷剧，达咩达咩。
奥利给,谐音类,加油,明天面试，给自己打个气，奥利给！
皮皮虾我们走,谐音类,网络流行语，走吧,皮皮虾我们走，一起去吃火锅。
你礼貌吗,弹幕文化类,吐槽对方没礼貌,把我丑照发群里，你礼貌吗？
破防,情绪状态类,心理防线被击溃,看到妈妈偷偷塞进包里的钱，破防了。
破大防,情绪状态类,破防的加强版,期末成绩出来那一刻，破大防。
绷不住了,情绪状态类,忍不住,看到老师发际线后移，绷不住了。
我裂开,情绪状态类,崩溃、无奈,手机内存又满了，我裂开。
麻了,情绪状态类,无语、麻木,这个bug改了一天还没好，麻了。
笑不活了,情绪状态类,太好笑了,这只狗的表情，真的笑不活了。
笑死,情绪状态类,太好笑了,室友的方言普通话，笑死我了。
泪目,情绪状态类,感动到想哭,毕业典礼上校长念到我们的名字，泪目。
意难平,情绪状态类,遗憾、不甘心,那部剧的结局，到现在还意难平。
上头,情绪状态类,沉迷、停不下来,这首歌太上头了，循环一整天。
下头,情绪状态类,扫兴、好感降低,他吃饭吧唧嘴，瞬间下头。
真香,情绪状态类,打脸式认可,本来不想买，试穿之后真香了。
打脸,情绪状态类,被事实推翻,赛前说稳赢，结果被翻盘，打脸了。
翻车,情绪状态类,搞砸了,第一次做饭，翻车了。
塌房,饭圈娱乐类,偶像人设崩塌,喜欢的歌手被曝出绯闻，塌房了。
脱粉,饭圈娱乐类,不再喜欢,这波操作太败好感，我脱粉了。
路转粉,饭圈娱乐类,路人变成粉丝,看了他的live，直接路转粉。
爷青回,饭圈娱乐类,青春回来了,老游戏重新开服，爷青回。
爷青结,饭圈娱乐类,青春结束了,陪伴十年的漫画完结了，爷青结。
网抑云,情绪状态类,深夜伤感,凌晨一点还在网抑云，明天还要上班。
人间不值得,情绪状态类,消极调侃,被生活毒打一天，人间不值得。
人间清醒,情绪状态类,想得明白,闺蜜劝我及时止损，人间清醒。
神仙打架,弹幕文化类,高手对决,这两队决赛打得，神仙打架。
封神,弹幕文化类,表现极佳,这个现场版，直接封神。
炸裂,情绪状态类,震撼,这个特效，太炸裂了。
燃爆,情绪状态类,热血沸腾,主题曲一响，燃爆全场。
绝了,情绪状态类,太好了,这道菜的摆盘，绝了。
绝绝子,情绪状态类,太绝了,这个妆容，绝绝子。
无语子,情绪状态类,无语,排队半小时结果店家关门了，无语子。
乌鱼子,情绪状态类,无语,说好AA结果他装傻，乌鱼子。
我真的会谢,情绪状态类,无语感谢（反讽）,帮我带了咖啡结果全洒了，我真的会谢。
我哭死,情绪状态类,非常感动,看到志愿者冒雨送物资，我哭死。
演我,弹幕文化类,像在演我的生活,这段剧情，简直在演我。
摆烂,生活态度类,破罐破摔,这个月绩效没希望了，直接摆烂。
躺平,生活态度类,不奋斗、顺其自然,与其焦虑不如躺平。
内卷,社会现象类,恶性竞争,图书馆十点还坐满人，太内卷了。
佛系,生活态度类,随缘,考研随缘，佛系复习。
社死,社会现象类,社会性死亡,在电梯里把老板认成同事，社死了。
凡尔赛,社会现象类,低调炫耀,这学期绩点才4.2，凡尔赛本赛。
打工人,社会现象类,上班族自嘲,早安，打工人！
干饭人,生活态度类,爱吃饭的人,干饭人干饭魂，干饭都是人上人。
电子榨菜,社会现象类,下饭视频,吃饭必配下饭视频，电子榨菜不能少。
显眼包,社会现象类,爱出风头的人,班里那个显眼包又整活了。
搭子,社会现象类,伙伴,周末一起健身，我的健身搭子。
多巴胺穿搭,社会现象类,鲜艳穿搭,今天一身多巴胺穿搭，心情都亮了。
情绪价值,社会现象类,情绪上的支持,她总能提供情绪价值，聊天很治愈。
泼天的富贵,社会现象类,巨大的好运,中奖了，泼天的富贵终于轮到我了。
发疯文学,社会现象类,发泄式表达,与其内耗自己，不如发疯外耗别人。
废话文学,社会现象类,说了等于没说,听君一席话，如听一席话。
糊弄学,社会现象类,敷衍了事,作业随便写写，糊弄学十级学者。
精致穷,社会现象类,穷但精致,工资三千，咖啡三十，精致穷本穷。
隐形贫困人口,社会现象类,看似有钱实际穷,朋友圈光鲜，钱包空空，隐形贫困人口。
小镇做题家,社会现象类,应试教育出身的人,从小镇考出来，小镇做题家也能有春天。
孔乙己的长衫,社会现象类,学历束缚,脱下孔乙己的长衫，才敢尝试摆摊。
互联网嘴替,社会现象类,替大家说话的人,他说出了我的心里话，互联网嘴替。
反向消费,社会现象类,理性消费,现在买东西先看评价再比价，反向消费。
命运的齿轮,社会现象类,命运转折点,考研上岸那天，命运的齿轮开始转动。
特种兵式旅游,社会现象类,高强度旅游,周末两天玩三个城市，特种兵式旅游。
摸鱼,生活态度类,偷懒,上班摸鱼刷完了整部剧。
饭搭子,社会现象类,一起吃饭的伙伴,我的饭搭子今天请假了，午饭没滋味。
主打陪伴,社会现象类,只提供陪伴,我不说话，主打陪伴。
老六,游戏类,阴险的玩家,决赛圈被老六阴了。
落地成盒,游戏类,开局就死,跳伞太快，落地成盒。
吃鸡,游戏类,游戏获胜,大吉大利，今晚吃鸡！
苟分,游戏类,猥琐发育上分,这局全程苟分，终于进决赛圈。
带飞,游戏类,带赢,大神队友带飞，轻松上分。
躺赢,游戏类,不干活就赢,队友太强，我躺赢了。
抱大腿,游戏类,靠强者,新赛季抱大腿上分。
开黑,游戏类,组队玩游戏,晚上开黑，五排差一个。
上分,游戏类,排位上升,连赢三把，今天上分顺利。
掉分,游戏类,排位下降,连输五把，掉分掉麻了。
连跪,游戏类,连续失败,这周排位连跪，心态崩了。
五杀,游戏类,一局杀五人,这波五杀，帅到没朋友。
超神,游戏类,状态爆表,这把状态超神，carry全场。
团灭,游戏类,全队阵亡,一波团灭，被对面反推。
推塔,游戏类,攻击防御塔,别恋战，赶紧推塔。
偷家,游戏类,偷袭对方基地,趁对面打龙，直接偷家。
中二,二次元类,自以为是、爱幻想,他说的台词好中二。
二次元,二次元类,ACGN文化,周末漫展，二次元浓度拉满。
现充,二次元类,现实生活充实,朋友约我爬山，突然现充。
死宅,二次元类,宅在家,周末在家躺两天，标准死宅。
肥宅快乐水,二次元类,可乐,加班必备肥宅快乐水。
谷子,二次元类,周边商品,新出的谷子又买了一大堆。
痛包,二次元类,挂满周边的包,她背的痛包挂满了吧唧。
盲盒,二次元类,随机商品,抽盲盒又抽到重复款。
隐藏款,二次元类,稀有款式,隐藏款概率太低，非洲人劝退。
手办,二次元类,人物模型,这尊手办做工真精细。
周边,二次元类,衍生商品,演唱会周边卖断货了。
白嫖,生活态度类,不花钱享用,一直白嫖他的攻略，有点不好意思。
割韭菜,社会现象类,收割用户,这波营销又是割韭菜。
薅羊毛,生活态度类,占便宜,蹲点抢券薅羊毛成功。
键盘侠,社会现象类,网上指点江山的人,别理他，就是个键盘侠。
杠精,社会现象类,爱抬杠的人,评论区全是杠精。
喷子,社会现象类,乱骂人的人,弹幕里全是喷子，关掉清净。
黑子,社会现象类,恶意抹黑的人,黑子退散，别来引战。
水军,社会现象类,雇来刷评的人,这评论区像水军刷的。
营销号,社会现象类,博眼球的内容号,营销号又开始标题党了。
标题党,社会现象类,夸张标题,点进去发现是标题党，浪费时间。
震惊体,社会现象类,夸张震惊式标题,震惊体标题看得我血压升高。
家人们谁懂啊,弹幕文化类,求共鸣,家人们谁懂啊，这个bug我改了三小时。
前方高能,弹幕文化类,精彩预警,前方高能，非战斗人员撤离。
名场面,弹幕文化类,经典场面,这个名场面我回看了十遍。
洗脑,弹幕文化类,旋律难忘,这广告曲太洗脑了。
魔性,弹幕文化类,让人上头,这个舞蹈动作太魔性了。
鬼畜,弹幕文化类,恶搞剪辑,B站鬼畜区永远的神。
灵魂拷问,弹幕文化类,直击心灵的问题,老师的一个问题，灵魂拷问。
吃瓜,弹幕文化类,围观八卦,蹲一个后续，吃瓜中。
吃瓜群众,弹幕文化类,围观者,我是路过的吃瓜群众。
瓜田,弹幕文化类,八卦很多,最近瓜田大丰收。
大瓜,弹幕文化类,大八卦,这个瓜太大了，吃不下了。
流量密码,弹幕文化类,吸引流量的法宝,猫咪视频就是流量密码。
蹭热度,弹幕文化类,蹭热点,别蹭热度了，专注作品。
热搜预定,弹幕文化类,会上热搜,这话题今天热搜预定。
涨知识,弹幕文化类,学到知识,看完这个科普，涨知识了。
冷知识,弹幕文化类,冷门知识,冷知识：企鹅不会飞。
狗头保命,弹幕文化类,免责声明,我说这话纯属玩梗，狗头保命。
阴阳怪气,弹幕文化类,反讽,你说话别阴阳怪气的。
怼,弹幕文化类,反驳,网友直接把他怼到删帖。
破圈,社会现象类,火出原有圈子,这部纪录片破圈了。
出圈,社会现象类,火到圈外,这首方言rap彻底出圈。
顶流,饭圈娱乐类,顶级流量,他目前就是顶流。
C位,饭圈娱乐类,中心位置,毕业照她站C位。
出道,饭圈娱乐类,正式亮相,男团新成员正式出道。
出道即巅峰,饭圈娱乐类,一开始就登顶,首秀表现，出道即巅峰。
糊了,饭圈娱乐类,过气,这个组合两年就糊了。
凉了,饭圈娱乐类,完了、过气,这家店没撑过一年，凉了。
考古,弹幕文化类,翻旧内容,翻到十年前的帖子，考古现场。
挖坟,弹幕文化类,顶旧帖,谁又把老帖挖出来了。
洛阳铲,弹幕文化类,翻旧帖的工具,这波洛阳铲挖得深。
赛博,二次元类,数字网络风,赛博朋克风格的游戏画面。
元宇宙,二次元类,虚拟世界,元宇宙概念又火了一波。
虚拟主播,二次元类,VTuber,虚拟主播的直播人气真高。
中之人,二次元类,虚拟主播背后的人,中之人换了，味道不一样了。
切片,二次元类,视频片段,这个切片剪得真好笑。
二创,二次元类,二次创作,二创比原作还好看。
同人,二次元类,粉丝创作,这篇同人文写得真细腻。
约稿,二次元类,约画师画画,约稿的画师排到下个月了。
白菜价,生活态度类,很便宜,清仓价，白菜价。
天价,生活态度类,价格极高,黄牛票炒到天价。
富婆,生活态度类,有钱女性,这出手就是富婆。
大佬,弹幕文化类,高手,大佬带带我。
萌新,弹幕文化类,新手,萌新求指教。
瑟瑟发抖,情绪状态类,害怕,看到老师点名，瑟瑟发抖。
天花板,弹幕文化类,顶尖,这家店的烤鸭，北京天花板。
CPU烧了,情绪状态类,想不明白,这道题想了一晚上，CPU烧了。
大脑宕机,情绪状态类,卡壳,考试时大脑宕机，啥也想不起来。
卡bug,生活态度类,出故障,这系统又卡bug了。
程序猿,生活态度类,程序员,程序猿的快乐很简单。
码农,生活态度类,程序员自嘲,码农的日常，改需求。
格子衫,生活态度类,程序员穿搭梗,程序员标配格子衫。
秃头,生活态度类,程序员脱发梗,写代码写到秃头。
发际线,生活态度类,脱发,熬夜让发际线又上移了。
头冷,生活态度类,秃头自嘲,风一吹，头冷。
一整个爱住,情绪状态类,非常喜欢,这个设计一整个爱住。
拿捏,情绪状态类,掌控,这题的套路被他拿捏得死死的。
格局打开,生活态度类,看得长远,格局打开，别为小事纠结。
格局小了,生活态度类,眼界窄,格局小了，往远处看。
上大分,弹幕文化类,加分表现,这句话直接上大分。
双向奔赴,情绪状态类,互相付出,好的感情都是双向奔赴。
磕到了,饭圈娱乐类,嗑CP,他俩对视的瞬间磕到了。
锁死,饭圈娱乐类,绑定,这对组合锁死了。
神仙颜值,饭圈娱乐类,颜值极高,这组照片神仙颜值。
属实是,弹幕文化类,确实,这波属实是离谱。
离大谱,情绪状态类,离谱,这个价格离大谱。
就这,弹幕文化类,就这点本事,决赛就这水平？
退退退,弹幕文化类,赶走不好的东西,坏运气退退退。
收手吧,弹幕文化类,劝停,收手吧，别再抽卡了。
抬走,弹幕文化类,淘汰换人,这局表现太差，抬走下一个。
叉出去,弹幕文化类,赶出去,这种发言叉出去。
弹幕护体,弹幕文化类,弹幕保护,前方高能，弹幕护体。
求放过,弹幕文化类,求饶,求放过，别再整我了。
别催了,弹幕文化类,催更回应,别催了，在写了。
快跑,弹幕文化类,赶紧避开,这家店踩雷了，快跑。
有内味了,弹幕文化类,有那个感觉了,这翻唱有内味了。
味儿太冲,弹幕文化类,风格浓烈,这评论味儿太冲。
典中典,弹幕文化类,经典中的经典（反讽）,这操作典中典。
太乐了,情绪状态类,好笑,看这出闹剧，太乐了。
难蚌,情绪状态类,难以绷住,这剧情走向，难蚌。
流汗黄豆,弹幕文化类,无语表情,听到这个方案，流汗黄豆。
汗流浃背,情绪状态类,紧张害怕,看到成绩单，汗流浃背。
急了,弹幕文化类,着急了,说两句就急了？
寄了,情绪状态类,完了,出门忘带钥匙，寄了。
开摆,生活态度类,开始摆烂,不想卷了，开摆。
差不多得了,弹幕文化类,适可而止,差不多得了，别杠了。
好家伙,弹幕文化类,惊叹,好家伙，这操作可以。
好活,弹幕文化类,干得漂亮,好活，当赏。
整活,弹幕文化类,搞事情,这位UP主又整活了。
节目效果,弹幕文化类,效果很好,这段剪辑节目效果拉满。
学到了,弹幕文化类,学会,看完教程学到了。
手残,游戏类,操作差,手残党玩不了这游戏。
肝,游戏类,费时间,这游戏太肝了，肝不动。
氪,游戏类,充值,零氪也能玩得很开心。
肝帝,游戏类,肝游戏达人,他是真肝帝，满级了。
欧皇,游戏类,运气好,一发入魂，欧皇本皇。
非酋,游戏类,运气差,又是保底，非酋实锤。
保底,游戏类,保底机制,吃满保底才出。
单抽,游戏类,单次抽卡,单抽出奇迹。
红温,游戏类,生气上头,被队友气到红温。
上强度,游戏类,加大难度,期末周直接上强度。
版本答案,游戏类,最优解,这阵容是版本答案。
下水道,游戏类,很弱,这个角色强度下水道。
超标,游戏类,过强,这个新英雄超标了。
削弱,游戏类,调弱,求策划削弱一下。
手感,游戏类,操作体验,这个皮肤手感丝滑。
内鬼,游戏类,内部叛徒,队里出了内鬼。
演员,游戏类,故意演砸,这队友是演员吧。
甩锅,游戏类,推卸责任,别甩锅了，正视问题。
背锅,游戏类,承担责任,这锅我来背。
运营,游戏类,局势经营,这波运营思路清晰。
意识,游戏类,游戏理解,这意识，预判拉满。
细节,游戏类,细微操作,这操作细节满分。
预判,游戏类,预判对方,预判了你的预判。
拉扯,游戏类,来回周旋,这波拉扯太精彩。
走位,游戏类,移动技巧,这走位，风骚。
输出,游戏类,伤害输出,这输出直接拉满。
开团,游戏类,发起团战,辅助开团开得好。
反打,游戏类,反击,残血反打，漂亮。
收割,游戏类,收尾取胜,一波收割，比赛结束。
团战,游戏类,团队作战,这波团战打赢了。
卷,社会现象类,内卷,又卷起来了。
冲,弹幕文化类,干就完了,冲就完事了。
顶,弹幕文化类,支持置顶,这个帖子顶起来。
赞,弹幕文化类,点赞,这个回答我直接赞了。
蹲,弹幕文化类,等待,蹲一个链接。
求,弹幕文化类,请求,求一个无水印版本。
码,弹幕文化类,收藏,先码后看。
收藏,弹幕文化类,收藏不看,收藏夹吃灰系列。
催更,弹幕文化类,催促更新,催更催更，下一集呢。
三连,弹幕文化类,点赞投币收藏,一键三连支持UP主。
投币,弹幕文化类,付费支持,投币了，感谢分享。
关注,弹幕文化类,订阅,关注了，蹲更新。
emo,情绪状态类,情绪低落、伤感,深夜刷到老照片，突然就emo了。
我真的栓Q,情绪状态类,无语感谢（反讽）,室友半夜打游戏外放，我真的栓Q。
是谁在演我,弹幕文化类,像在演我,周一早上起不来床的样子，是谁在演我。
摸鱼搭子,生活态度类,一起偷懒的伙伴,办公室的摸鱼搭子，今天又一起偷闲。
学习搭子,社会现象类,一起学习的伙伴,找个学习搭子互相监督打卡。
主打一个,社会现象类,主要就是,主打一个该省省该花花。
肥宅,二次元类,宅且爱吃喝,快乐肥宅的一天。
谁懂啊,弹幕文化类,求共鸣,这家店的糖醋排骨谁懂啊，太好吃了。
高能预警,弹幕文化类,精彩预警,高能预警，别在办公室点开。
经典永流传,弹幕文化类,经典,这段对白，经典永流传。
直击灵魂,弹幕文化类,触动内心,这段话直击灵魂，句句扎心。
这瓜保熟吗,影视梗类,影视剧经典台词梗,你卖瓜的，这瓜保熟吗？
前排吃瓜,弹幕文化类,抢先围观,前排吃瓜，坐等反转。
顺藤摸瓜,弹幕文化类,顺着线索找,顺着评论顺藤摸瓜，找到了原帖。
爆了,弹幕文化类,热度爆表,这个话题直接爆了。
沸了,弹幕文化类,热度沸腾,热搜榜都沸了。
热知识,弹幕文化类,常识,热知识：WiFi要按时重启。
手动狗头,弹幕文化类,表示开玩笑,这段发言手动狗头。
滑稽,弹幕文化类,好笑,他这话说得有点滑稽。
宕机,情绪状态类,卡住,汇报到一半脑子宕机了。
一整个拿捏,情绪状态类,完全掌控,这次的方案被他一整个拿捏。
全网都在,社会现象类,全网流行,全网都在跳这个舞。
离谱到家,情绪状态类,太离谱,排队三小时结果没号了，离谱到家。
在写了,弹幕文化类,催更回应,在写了在写了，马上更新。
素材,弹幕文化类,可剪辑的素材,这场景全是素材。
四杀,游戏类,连杀四人,差点五杀，可惜。
摆,生活态度类,放松,周末摆一天，舒服。
摸,生活态度类,偷懒,上班摸鱼一时爽。
转,弹幕文化类,转发,转发给朋友看看。
评,弹幕文化类,评论,评论区吵起来了。
马,弹幕文化类,收藏（谐音）,马了再看。
路人,弹幕文化类,旁观者,路过的路人表示这波很精彩。
fbfq,缩写类,主播张顺飞的梗，在其父亲的坟前,飞吧坟前
阿一古,弹幕文化类,"职业选手theshy的梗，韩语空耳,???/???”的中文音译，表示“哎呀”“天啊",哎一古，阿一古
48,弹幕文化类,职业选手bin的梗，死爸,484848484848
不不不不不，我无疑是,弹幕文化类,老牧师口音梗，可以接各种情绪形容词,不不不不不，我无疑是愤怒的
老牧师,弹幕文化类,老母死,你这个老牧师的
十八码,弹幕文化类,死爸妈,你这个十八码的
你的胆子真是肥嘟嘟的,弹幕文化类,美团衍生梗，一种调侃,你的胆子真是肥嘟嘟的
马头,弹幕文化类,theshy的黑称呼,马头nb
nb,缩写类,牛逼。表示赞叹,马头nb
塔菲,二次元类,一个主播的名字,塔菲可爱捏
捏,情绪状态类,一个语气助词,可爱的语气表达
唐氏,弹幕文化类,原先是唐氏综合症，现在是说别人傻傻的意思,你个臭唐氏
罕见,弹幕文化类,汉奸的谐音,骂谁罕见？！
翻云覆雨,弹幕文化类,对炫神的梗,吉隆坡的天气他是翻云又覆雨
咕咕嘎嘎,弹幕文化类,一个语气词,咕咕嘎嘎！
臭企鹅,弹幕文化类,高松灯的外号,你这个臭企鹅
下饭,游戏类,操作失误频出、表现差到有娱乐效果,这局打得太下饭了。
坐牢,游戏类,对局中长期被压制、毫无游戏体验,三路全崩，这局纯坐牢。
上号,游戏类,登录游戏准备开一局,兄弟们上号，今晚冲一波。
排位,游戏类,排位赛,今晚先打两把排位热热身。
本命,游戏类,最擅长或最喜欢的英雄或角色,亚索拿到手，本命英雄就是顺手。
数值怪,游戏类,依靠高数值而非操作取胜的英雄,新版本数值怪太多了。
机制怪,游戏类,机制复杂或强度受机制影响的英雄,这英雄机制怪，会玩的人上限太高。
有手就行,游戏类,操作简单，谁都能做到,这套连招有手就行。
绝活哥,游戏类,专精某个英雄或角色的玩家,他是区里的绝活哥。
天秀,游戏类,操作非常精彩,这波绕后开团天秀。
虐菜,游戏类,打败实力明显更弱的对手,大号打小号虐菜没意思。
炸鱼,游戏类,高段位玩家开小号虐低段位玩家,高段位来低分段炸鱼，属实破坏体验。
我的问题,游戏类,主动背锅或承认失误,这波团战输了，我的问题。
保KD,游戏类,只顾保住击杀死亡比，不积极参与团队,整局只会保KD，团战一点作用没有。
反向Q,游戏类,技能方向放反导致失误,这都能反向Q，你自己看回放吧。
4396,游戏类,英雄联盟比赛输出数据的经典调侃,这把输出打得像4396。
777,游戏类,与英雄联盟选手Clearlove相关的梗,看到777就知道评论区又要玩梗了。
天神下凡,游戏类,形容选手进场或操作极具压制力,这一波进场像天神下凡。
一穿四,游戏类,一个选手连续击败四名对手,打野这波一穿四。
河道剑魔,游戏类,英雄联盟经典团战名场面,河道剑魔那个名场面又被人剪出来了。
让二追三,游戏类,先输两局后连赢三局,这场让二追三太刺激了。
顺风浪,游戏类,领先时过于冒进,大优势还顺风浪，结果被翻盘了。
逆风投,游戏类,落后就想投降,才落后一点就逆风投，太没意思了。
混子,游戏类,团队中贡献低、划水的人,这打野全程逛街，纯混子。
开瓦,游戏类,开始玩瓦洛兰特,下课之后开瓦，先来两局。
打瓦,游戏类,玩瓦洛兰特,晚上打瓦吗，缺一个。
爆头,游戏类,击中头部完成击杀,这一枪爆头太准了。
压枪,游戏类,控制连续射击时的枪口抬升,这波压枪很稳。
拉枪线,游戏类,通过多人交叉火力形成配合,两个人拉枪线，轻轻松松进点。
点位,游戏类,地图上的站位或技能落点,这个点位封烟很好用。
残局,游戏类,队友阵亡后由少量玩家处理的局面,一打三残局被他收下来了。
ACE,游戏类,单回合击败全部对手,这回合直接打出ACE。
大狙,游戏类,狙击步枪，也可泛指狙击打法,大狙架住中路，对面根本过不来。
跑打,游戏类,移动过程中开枪,近距离跑打居然全中。
盲狙,游戏类,未开镜或凭感觉完成狙击,这盲狙太夸张了。
干拉,游戏类,不使用技能或道具直接拉出对枪,没道具还干拉，纯送人头。
掉点,游戏类,关键位置或队友阵亡导致防线出现空缺,中路掉点以后，整张图都难打了。
一枪秒,游戏类,一枪完成击倒或击杀,大狙一枪秒，节奏一下就起来了。
控图,游戏类,通过站位和信息控制地图区域,这队控图做得很好。
家人们,直播主播类,主播对观众群体的亲切称呼,家人们，今晚八点准时开播。
兄弟们,直播主播类,对男性观众或朋友群体的称呼,兄弟们，点赞过万就加播一小时。
大主播,直播主播类,人气较高的主播，也可用于调侃,现在成大主播了，弹幕都刷不过来了。
上电视,直播主播类,弹幕或留言被主播直播间展示,弹幕被主播念到了，我直接上电视。
老板大气,直播主播类,感谢观众大额打赏时的常用语,感谢老板大气，礼物收到啦。
榜一,直播主播类,直播间礼物贡献榜第一名,榜一大哥又刷礼物了。
扣1送地狱火,直播主播类,直播间假装送热门游戏皮肤的互动段子,扣1送地狱火，经典直播间段子。
连麦,直播主播类,主播与观众或嘉宾实时语音互动,今晚抽三位观众连麦聊天。
鸽了,直播主播类,原本约定的事情临时取消,主播今天又鸽了。
开播,直播主播类,开始直播,主播刚开播，人就冲进来了。
下播,直播主播类,结束当天的直播,今天播到十一点就下播。
上才艺,直播主播类,开始展示唱歌、舞蹈或其他技能,弹幕一直催主播上才艺。
一键三连,弹幕文化类,同时点赞、投币和收藏，也用于请求支持,这个教程太实用了，必须一键三连。
下次一定,弹幕文化类,玩笑式答应支持但暂时不做,这次先白嫖，下次一定一键三连。
awsl,二次元类,啊我死了，表达喜爱、激动或可爱带来的冲击,这段配音太可爱了，awsl。
双厨狂喜,二次元类,同时喜欢两个作品或角色的人因联动而高兴,两部作品居然联动了，双厨狂喜。
空耳,二次元类,把外语歌词或台词听成发音相近的另一种语言,这句日语被空耳成中文以后太搞笑了。
追番,二次元类,持续观看正在更新的动画,这季追番列表已经排满了。
补番,二次元类,集中观看已经播出的动画,周末准备把这部长番补完。
小破站,弹幕文化类,网友对哔哩哔哩的昵称,小破站又买新番了。
痛车,二次元类,贴满动漫角色或作品装饰的车辆,漫展门口停了一辆特别精致的痛车。
zqsg,缩写类,真情实感,追这个综艺追得zqsg。
